# Blender 4.2.16 LTS
# www.blender.org
mtllib shotkey.mtl
o 138770962384219
v -0.603178 -0.363580 -0.043189
v -0.645833 -0.223775 -0.043136
v -0.603178 -0.363580 0.043189
v -0.413975 -0.362180 -0.043106
v -0.645833 -0.223775 0.043136
v -0.413975 -0.362180 0.043106
v -0.577207 -0.157073 -0.043049
v -0.303924 -0.187356 0.043085
v -0.577207 -0.157073 0.043049
v -0.303924 -0.187356 -0.043085
v -0.315476 -0.155132 -0.043189
v -0.315476 -0.155132 0.043189
v -0.584625 -0.139145 -0.055887
v -0.236475 -0.109145 -0.055887
v -0.304625 -0.139145 -0.055887
v -0.284625 -0.189144 -0.055887
v -0.737374 -0.109145 -0.055887
v -0.202385 -0.171396 -0.055887
v -0.664625 -0.219145 -0.055887
v -0.368059 -0.429110 -0.055887
v -0.404625 -0.379145 -0.055887
v -0.747409 -0.176772 -0.055887
v -0.614625 -0.379145 -0.055887
v -0.758369 -0.293842 -0.055887
v -0.800228 -0.293705 -0.055887
v -0.688921 -0.363866 -0.055887
v -1.257105 -0.729046 -0.055887
v -1.207110 -0.738842 -0.055887
v -1.249330 -0.791242 -0.055887
v -1.200352 -0.769888 -0.055887
v -1.159963 -0.856393 -0.055887
v -1.143509 -0.808308 -0.055887
v -1.050287 -0.849600 -0.055887
v -1.068867 -0.803932 -0.055887
v -0.672333 -0.416484 -0.055887
v -0.609773 -0.429110 -0.055887
v -0.236475 -0.109145 0.055887
v -0.737374 -0.109145 0.055887
v -0.584625 -0.139145 0.055887
v -0.304625 -0.139145 0.055887
v -0.284625 -0.189144 0.055887
v -0.664625 -0.219145 0.055887
v -0.202385 -0.171396 0.055887
v -0.747409 -0.176772 0.055887
v -0.368059 -0.429110 0.055887
v -0.404625 -0.379145 0.055887
v -0.614625 -0.379145 0.055887
v -0.688921 -0.363866 0.055887
v -0.758369 -0.293842 0.055887
v -0.672333 -0.416484 0.055887
v -0.800228 -0.293705 0.055887
v -0.609773 -0.429110 0.055887
v -1.257105 -0.729046 0.055887
v -1.050287 -0.849600 0.055887
v -1.207110 -0.738842 0.055887
v -1.068867 -0.803932 0.055887
v -1.249330 -0.791242 0.055887
v -1.143509 -0.808308 0.055887
v -1.200352 -0.769888 0.055887
v -1.159963 -0.856393 0.055887
v -1.068867 -0.803932 -0.055887
v -0.687409 -0.412736 -0.046341
v -0.672333 -0.416484 -0.055887
v -0.688921 -0.363866 -0.055887
v -1.075183 -0.789647 -0.046187
v -0.702305 -0.371981 -0.046116
v -1.143509 -0.808308 -0.055887
v -0.764399 -0.308227 -0.046226
v -1.139376 -0.793244 -0.046184
v -0.758369 -0.293842 -0.055887
v -1.187442 -0.761111 -0.046202
v -0.793961 -0.307990 -0.046223
v -1.200352 -0.769888 -0.055887
v -0.800228 -0.293705 -0.055887
v -1.192066 -0.742866 -0.046273
v -1.207110 -0.738842 -0.055887
v -0.688921 -0.363866 0.055887
v -0.758369 -0.293842 0.055887
v -0.764399 -0.308227 0.046226
v -0.793961 -0.307990 0.046223
v -0.702305 -0.371981 0.046116
v -0.800228 -0.293705 0.055887
v -0.687409 -0.412736 0.046341
v -1.192066 -0.742866 0.046273
v -0.672333 -0.416484 0.055887
v -1.207110 -0.738842 0.055887
v -1.068867 -0.803932 0.055887
v -1.200352 -0.769888 0.055887
v -1.075183 -0.789647 0.046188
v -1.187443 -0.761111 0.046202
v -1.143509 -0.808308 0.055887
v -1.139376 -0.793244 0.046184
v -0.404625 -0.379145 0.055887
v -0.284625 -0.189144 0.055887
v -0.413975 -0.362180 0.043106
v -0.303924 -0.187356 0.043085
v -0.603178 -0.363580 0.043189
v -0.315476 -0.155132 0.043189
v -0.614625 -0.379145 0.055887
v -0.304625 -0.139145 0.055887
v -0.664625 -0.219145 0.055887
v -0.584625 -0.139145 0.055887
v -0.645833 -0.223775 0.043136
v -0.577207 -0.157073 0.043049
v -0.603178 -0.363580 -0.043189
v -0.664625 -0.219145 -0.055887
v -0.645833 -0.223775 -0.043136
v -0.614625 -0.379145 -0.055887
v -0.584625 -0.139145 -0.055887
v -0.404625 -0.379145 -0.055887
v -0.577207 -0.157073 -0.043049
v -0.413975 -0.362180 -0.043106
v -0.315476 -0.155132 -0.043189
v -0.284625 -0.189144 -0.055887
v -0.304625 -0.139145 -0.055887
v -0.303924 -0.187356 -0.043085
v -0.224625 -0.089146 -0.041887
v -0.737374 -0.109145 -0.055887
v -0.754625 -0.089146 -0.041887
v -0.766287 -0.167740 -0.041887
v -0.236475 -0.109145 -0.055887
v -0.747409 -0.176772 -0.055887
v -0.202385 -0.171396 -0.055887
v -1.257105 -0.729046 -0.055887
v -0.179135 -0.172213 -0.041887
v -1.278103 -0.722308 -0.041887
v -0.357140 -0.449110 -0.041887
v -1.268103 -0.802307 -0.041887
v -0.368059 -0.429110 -0.055887
v -1.249330 -0.791242 -0.055887
v -0.601760 -0.449110 -0.041887
v -1.165920 -0.876799 -0.041887
v -0.609773 -0.429110 -0.055887
v -1.159963 -0.856393 -0.055887
v -1.050287 -0.849600 -0.055887
v -1.041760 -0.869110 -0.041887
v -0.737374 -0.109145 0.055887
v -0.236475 -0.109145 0.055887
v -0.224625 -0.089146 0.041887
v -0.202385 -0.171396 0.055887
v -0.754625 -0.089146 0.041887
v -0.179135 -0.172213 0.041887
v -0.766287 -0.167740 0.041887
v -0.357140 -0.449110 0.041887
v -0.747409 -0.176772 0.055887
v -0.368059 -0.429110 0.055887
v -1.257105 -0.729046 0.055887
v -0.601760 -0.449110 0.041887
v -1.278103 -0.722308 0.041887
v -0.609773 -0.429110 0.055887
v -1.268103 -0.802307 0.041887
v -1.050287 -0.849600 0.055887
v -1.249330 -0.791242 0.055887
v -1.041760 -0.869110 0.041887
v -1.165920 -0.876799 0.041887
v -1.159963 -0.856393 0.055887
v -0.224625 -0.089146 -0.041887
v -0.754625 -0.089146 -0.041887
v -0.754625 -0.089146 0.041887
v -0.224625 -0.089146 0.041887
v -0.766287 -0.167740 0.041887
v -0.179135 -0.172213 0.041887
v -0.766287 -0.167740 -0.041887
v -0.179135 -0.172213 -0.041887
v -1.278103 -0.722308 -0.041887
v -0.357140 -0.449110 0.041887
v -1.278103 -0.722308 0.041887
v -0.357140 -0.449110 -0.041887
v -1.268103 -0.802307 -0.041887
v -0.601760 -0.449110 0.041887
v -1.268103 -0.802307 0.041887
v -0.601760 -0.449110 -0.041887
v -1.165920 -0.876799 -0.041887
v -1.041760 -0.869110 0.041887
v -1.165920 -0.876799 0.041887
v -1.041760 -0.869110 -0.041887
v -0.793961 -0.307990 -0.046223
v -1.192066 -0.742866 0.046273
v -1.192066 -0.742866 -0.046273
v -1.187442 -0.761111 -0.046202
v -0.793961 -0.307990 0.046223
v -1.187443 -0.761111 0.046202
v -0.764399 -0.308227 0.046226
v -1.139376 -0.793244 0.046184
v -0.764399 -0.308227 -0.046226
v -1.139376 -0.793244 -0.046184
v -0.702305 -0.371981 0.046116
v -1.075183 -0.789647 -0.046187
v -0.702305 -0.371981 -0.046116
v -1.075183 -0.789647 0.046188
v -0.687409 -0.412736 0.046341
v -0.687409 -0.412736 -0.046341
vn 0.1719 0.9851 0.0002
vn 0.9422 -0.3351 -0.0000
vn 0.1719 0.9851 -0.0001
vn -0.1740 0.9847 -0.0000
vn -0.1741 0.9847 -0.0000
vn 0.1619 -0.9868 -0.0000
vn -0.9912 0.1326 0.0001
vn 0.1618 -0.9868 0.0002
vn -0.9912 0.1326 -0.0000
vn -0.1699 -0.9855 0.0016
vn -0.1699 -0.9855 -0.0000
vn -0.0000 -0.0000 -1.0000
vn -0.0000 -0.0000 1.0000
vn -0.0846 0.5343 -0.8411
vn -0.4940 0.0929 -0.8645
vn -0.4612 0.2217 -0.8591
vn -0.4279 -0.3367 -0.8388
vn -0.1970 0.4960 -0.8457
vn -0.4862 -0.2539 -0.8362
vn 0.0424 0.5354 -0.8435
vn -0.1662 -0.4983 -0.8509
vn 0.1135 0.5188 -0.8473
vn -0.0654 -0.5378 -0.8405
vn 0.4621 0.2639 -0.8466
vn 0.1643 -0.5028 -0.8486
vn 0.3605 0.3977 -0.8437
vn 0.0629 -0.5389 -0.8400
vn 0.5082 -0.1034 -0.8550
vn 0.4756 -0.2216 -0.8513
vn -0.4279 -0.3367 0.8388
vn -0.0654 -0.5378 0.8406
vn -0.1662 -0.4983 0.8509
vn 0.1643 -0.5028 0.8486
vn -0.4862 -0.2539 0.8362
vn 0.0629 -0.5389 0.8400
vn -0.4940 0.0929 0.8645
vn 0.5082 -0.1034 0.8550
vn -0.4612 0.2217 0.8591
vn 0.4756 -0.2216 0.8513
vn -0.0846 0.5343 0.8411
vn 0.3605 0.3977 0.8437
vn -0.1970 0.4960 0.8457
vn 0.4621 0.2639 0.8466
vn 0.0424 0.5354 0.8435
vn 0.1135 0.5188 0.8473
vn -0.0748 0.5871 0.8061
vn -0.5534 0.0890 0.8282
vn -0.1880 0.5328 0.8251
vn -0.5588 0.0445 0.8281
vn 0.1932 0.5136 0.8360
vn -0.1899 -0.5061 0.8413
vn 0.0785 0.5780 0.8123
vn -0.0761 -0.5663 0.8207
vn 0.4986 -0.2354 0.8342
vn 0.0688 -0.5816 0.8106
vn 0.5378 -0.1117 0.8357
vn 0.1708 -0.5451 0.8208
vn 0.1932 0.5136 -0.8360
vn 0.4986 -0.2354 -0.8342
vn 0.5378 -0.1117 -0.8357
vn 0.0785 0.5780 -0.8122
vn 0.0689 -0.5816 -0.8106
vn -0.0748 0.5870 -0.8061
vn 0.1708 -0.5451 -0.8208
vn -0.1880 0.5328 -0.8251
vn -0.1899 -0.5061 -0.8413
vn -0.5534 0.0890 -0.8282
vn -0.0761 -0.5663 -0.8207
vn -0.5588 0.0445 -0.8281
vn 0.0698 0.5440 -0.8362
vn -0.1965 0.4429 -0.8748
vn -0.0734 0.5287 -0.8456
vn -0.5170 0.2069 -0.8306
vn 0.1848 0.4878 -0.8532
vn -0.4669 0.3085 -0.8287
vn 0.5154 -0.0136 -0.8568
vn -0.5200 0.1326 -0.8438
vn 0.5147 -0.0341 -0.8567
vn -0.4792 0.2530 -0.8405
vn 0.0690 -0.5465 -0.8346
vn -0.3955 -0.3844 -0.8342
vn 0.1809 -0.4958 -0.8494
vn -0.4864 -0.2384 -0.8406
vn 0.1628 -0.5212 -0.8378
vn -0.0440 -0.5564 -0.8298
vn 0.0652 -0.5546 -0.8296
vn -0.1168 -0.5384 -0.8345
vn 0.1997 -0.5121 -0.8354
vn 0.0895 -0.5546 -0.8273
vn -0.1965 0.4429 0.8748
vn 0.1848 0.4878 0.8532
vn 0.0698 0.5440 0.8362
vn 0.5154 -0.0136 0.8568
vn -0.0735 0.5287 0.8456
vn 0.5147 -0.0341 0.8567
vn -0.5170 0.2069 0.8306
vn 0.0690 -0.5466 0.8346
vn -0.4669 0.3085 0.8287
vn 0.1809 -0.4958 0.8494
vn -0.5200 0.1326 0.8438
vn 0.1628 -0.5212 0.8378
vn -0.4792 0.2530 0.8405
vn 0.0653 -0.5546 0.8296
vn -0.3955 -0.3844 0.8342
vn 0.1997 -0.5121 0.8354
vn -0.4864 -0.2384 0.8406
vn 0.0895 -0.5546 0.8273
vn -0.0440 -0.5564 0.8298
vn -0.1168 -0.5384 0.8345
vn 0.1704 0.9854 -0.0000
vn -0.1835 0.9830 -0.0000
vn 0.1704 0.9854 -0.0002
vn -0.8826 0.4702 -0.0000
vn 0.9989 -0.0470 -0.0000
vn -0.9301 0.3674 -0.0000
vn 0.1674 -0.9859 -0.0000
vn 0.1675 -0.9859 -0.0000
vn -0.8046 -0.5938 -0.0000
vn 0.1553 -0.9879 -0.0000
vn 0.1553 -0.9879 0.0001
vn -0.1046 -0.9945 -0.0000
vn 0.2105 -0.9776 -0.0000
vn -0.1045 -0.9945 -0.0001
vn 0.2103 -0.9776 -0.0000
vn 0.1526 -0.9883 -0.0001
vn 0.9503 -0.3113 -0.0003
vn 0.9503 -0.3113 -0.0000
vn 0.7575 0.6528 -0.0004
vn 0.1526 -0.9883 -0.0000
vn 0.7575 0.6528 -0.0000
vn -0.1640 -0.9865 -0.0001
vn 0.1052 0.9944 -0.0000
vn -0.1640 -0.9865 0.0003
vn 0.1053 0.9944 -0.0001
vn -0.8319 -0.5550 -0.0000
vn -0.2055 0.9786 0.0001
vn -0.8319 -0.5550 -0.0001
vn -0.9505 0.3108 -0.0006
vn -0.9505 0.3108 -0.0000
vt 0.000000 0.000000
s 1
f 1/1/1 2/1/2 3/1/3
f 3/1/3 4/1/4 1/1/1
f 2/1/2 5/1/2 3/1/3
f 4/1/4 3/1/3 6/1/5
f 2/1/2 7/1/6 5/1/2
f 6/1/5 8/1/7 4/1/4
f 7/1/6 9/1/8 5/1/2
f 10/1/9 4/1/4 8/1/7
f 7/1/6 11/1/10 9/1/8
f 10/1/9 8/1/7 12/1/11
f 12/1/11 9/1/8 11/1/10
f 12/1/11 11/1/10 10/1/9
f 13/1/12 14/1/12 15/1/12
f 14/1/12 16/1/12 15/1/12
f 17/1/12 14/1/12 13/1/12
f 16/1/12 14/1/12 18/1/12
f 19/1/12 17/1/12 13/1/12
f 20/1/12 16/1/12 18/1/12
f 16/1/12 20/1/12 21/1/12
f 17/1/12 19/1/12 22/1/12
f 23/1/12 21/1/12 20/1/12
f 24/1/12 22/1/12 19/1/12
f 22/1/12 24/1/12 25/1/12
f 19/1/12 26/1/12 24/1/12
f 23/1/12 26/1/12 19/1/12
f 25/1/12 27/1/12 22/1/12
f 27/1/12 25/1/12 28/1/12
f 29/1/12 27/1/12 28/1/12
f 28/1/12 30/1/12 29/1/12
f 30/1/12 31/1/12 29/1/12
f 31/1/12 30/1/12 32/1/12
f 31/1/12 32/1/12 33/1/12
f 33/1/12 32/1/12 34/1/12
f 35/1/12 33/1/12 34/1/12
f 26/1/12 23/1/12 35/1/12
f 33/1/12 35/1/12 36/1/12
f 23/1/12 20/1/12 35/1/12
f 35/1/12 20/1/12 36/1/12
f 37/1/13 38/1/13 39/1/13
f 37/1/13 39/1/13 40/1/13
f 41/1/13 37/1/13 40/1/13
f 38/1/13 42/1/13 39/1/13
f 37/1/13 41/1/13 43/1/13
f 42/1/13 38/1/13 44/1/13
f 41/1/13 45/1/13 43/1/13
f 45/1/13 41/1/13 46/1/13
f 47/1/13 45/1/13 46/1/13
f 42/1/13 48/1/13 47/1/13
f 48/1/13 42/1/13 49/1/13
f 44/1/13 49/1/13 42/1/13
f 48/1/13 50/1/13 47/1/13
f 45/1/13 47/1/13 50/1/13
f 49/1/13 44/1/13 51/1/13
f 45/1/13 50/1/13 52/1/13
f 53/1/13 51/1/13 44/1/13
f 50/1/13 54/1/13 52/1/13
f 51/1/13 53/1/13 55/1/13
f 54/1/13 50/1/13 56/1/13
f 57/1/13 55/1/13 53/1/13
f 58/1/13 54/1/13 56/1/13
f 55/1/13 57/1/13 59/1/13
f 54/1/13 58/1/13 60/1/13
f 60/1/13 59/1/13 57/1/13
f 59/1/13 60/1/13 58/1/13
f 61/1/14 62/1/15 63/1/16
f 64/1/17 63/1/16 62/1/15
f 62/1/15 61/1/14 65/1/18
f 62/1/15 66/1/19 64/1/17
f 67/1/20 65/1/18 61/1/14
f 68/1/21 64/1/17 66/1/19
f 65/1/18 67/1/20 69/1/22
f 64/1/17 68/1/21 70/1/23
f 67/1/20 71/1/24 69/1/22
f 72/1/25 70/1/23 68/1/21
f 67/1/20 73/1/26 71/1/24
f 70/1/23 72/1/25 74/1/27
f 73/1/26 75/1/28 71/1/24
f 75/1/28 74/1/27 72/1/25
f 73/1/26 76/1/29 75/1/28
f 74/1/27 75/1/28 76/1/29
f 77/1/30 78/1/31 79/1/32
f 78/1/31 80/1/33 79/1/32
f 77/1/30 79/1/32 81/1/34
f 78/1/31 82/1/35 80/1/33
f 83/1/36 77/1/30 81/1/34
f 84/1/37 80/1/33 82/1/35
f 77/1/30 83/1/36 85/1/38
f 82/1/35 86/1/39 84/1/37
f 87/1/40 85/1/38 83/1/36
f 88/1/41 84/1/37 86/1/39
f 87/1/40 83/1/36 89/1/42
f 84/1/37 88/1/41 90/1/43
f 89/1/42 91/1/44 87/1/40
f 91/1/44 90/1/43 88/1/41
f 91/1/44 89/1/42 92/1/45
f 90/1/43 91/1/44 92/1/45
f 93/1/46 94/1/47 95/1/48
f 95/1/48 94/1/47 96/1/49
f 97/1/50 93/1/46 95/1/48
f 94/1/47 98/1/51 96/1/49
f 99/1/52 93/1/46 97/1/50
f 98/1/51 94/1/47 100/1/53
f 97/1/50 101/1/54 99/1/52
f 100/1/53 102/1/55 98/1/51
f 101/1/54 97/1/50 103/1/56
f 103/1/56 102/1/55 101/1/54
f 102/1/55 103/1/56 104/1/57
f 98/1/51 102/1/55 104/1/57
f 105/1/58 106/1/59 107/1/60
f 108/1/61 106/1/59 105/1/58
f 106/1/59 109/1/62 107/1/60
f 105/1/58 110/1/63 108/1/61
f 107/1/60 109/1/62 111/1/64
f 110/1/63 105/1/58 112/1/65
f 109/1/62 113/1/66 111/1/64
f 112/1/65 114/1/67 110/1/63
f 113/1/66 109/1/62 115/1/68
f 114/1/67 113/1/66 115/1/68
f 114/1/67 112/1/65 116/1/69
f 113/1/66 114/1/67 116/1/69
f 117/1/70 118/1/71 119/1/72
f 120/1/73 119/1/72 118/1/71
f 118/1/71 117/1/70 121/1/74
f 118/1/71 122/1/75 120/1/73
f 117/1/70 123/1/76 121/1/74
f 124/1/77 120/1/73 122/1/75
f 123/1/76 117/1/70 125/1/78
f 120/1/73 124/1/77 126/1/79
f 127/1/80 123/1/76 125/1/78
f 128/1/81 126/1/79 124/1/77
f 123/1/76 127/1/80 129/1/82
f 128/1/81 124/1/77 130/1/83
f 131/1/84 129/1/82 127/1/80
f 132/1/85 128/1/81 130/1/83
f 129/1/82 131/1/84 133/1/86
f 132/1/85 130/1/83 134/1/87
f 135/1/88 133/1/86 131/1/84
f 135/1/88 132/1/85 134/1/87
f 131/1/84 136/1/89 135/1/88
f 132/1/85 135/1/88 136/1/89
f 137/1/90 138/1/91 139/1/92
f 140/1/93 139/1/92 138/1/91
f 137/1/90 139/1/92 141/1/94
f 139/1/92 140/1/93 142/1/95
f 143/1/96 137/1/90 141/1/94
f 140/1/93 144/1/97 142/1/95
f 137/1/90 143/1/96 145/1/98
f 140/1/93 146/1/99 144/1/97
f 143/1/96 147/1/100 145/1/98
f 148/1/101 144/1/97 146/1/99
f 143/1/96 149/1/102 147/1/100
f 146/1/99 150/1/103 148/1/101
f 151/1/104 147/1/100 149/1/102
f 152/1/105 148/1/101 150/1/103
f 147/1/100 151/1/104 153/1/106
f 148/1/101 152/1/105 154/1/107
f 155/1/108 153/1/106 151/1/104
f 155/1/108 154/1/107 152/1/105
f 153/1/106 155/1/108 156/1/109
f 155/1/108 152/1/105 156/1/109
f 157/1/110 158/1/111 159/1/111
f 157/1/110 159/1/111 160/1/112
f 158/1/111 161/1/113 159/1/111
f 157/1/110 160/1/112 162/1/114
f 163/1/113 161/1/113 158/1/111
f 164/1/114 157/1/110 162/1/114
f 163/1/113 165/1/115 161/1/113
f 162/1/114 166/1/116 164/1/114
f 167/1/115 161/1/113 165/1/115
f 168/1/117 164/1/114 166/1/116
f 165/1/115 169/1/118 167/1/115
f 166/1/116 170/1/119 168/1/117
f 169/1/118 171/1/118 167/1/115
f 172/1/120 168/1/117 170/1/119
f 169/1/118 173/1/121 171/1/118
f 170/1/119 174/1/122 172/1/120
f 173/1/121 175/1/123 171/1/118
f 176/1/124 172/1/120 174/1/122
f 173/1/121 176/1/124 175/1/123
f 176/1/124 174/1/122 175/1/123
f 177/1/125 178/1/126 179/1/127
f 179/1/127 178/1/126 180/1/128
f 178/1/126 177/1/125 181/1/129
f 180/1/128 178/1/126 182/1/130
f 177/1/125 183/1/131 181/1/129
f 184/1/132 180/1/128 182/1/130
f 185/1/133 183/1/131 177/1/125
f 180/1/128 184/1/132 186/1/134
f 185/1/133 187/1/135 183/1/131
f 188/1/136 186/1/134 184/1/132
f 187/1/135 185/1/133 189/1/137
f 188/1/136 184/1/132 190/1/136
f 189/1/137 191/1/138 187/1/135
f 191/1/138 188/1/136 190/1/136
f 192/1/139 191/1/138 189/1/137
f 188/1/136 191/1/138 192/1/139
o 140322352811826
v 1.861895 0.186747 -0.000004
v 1.861895 0.179092 0.050528
v 1.861895 0.158160 -0.000004
v 1.861895 0.179092 -0.050536
v 1.861895 0.199306 0.030315
v 1.861895 0.199306 -0.030323
v 1.861895 0.229623 0.042874
v 1.861895 0.229623 -0.071467
v 1.861895 0.229623 0.071459
v 1.861895 0.229623 -0.042881
v 1.861895 0.280156 0.050528
v 1.861895 0.259943 -0.030323
v 1.861895 0.259943 0.030315
v 1.861895 0.280156 -0.050536
v 1.861895 0.272502 -0.000004
v 1.861895 0.301086 -0.000004
v 1.861895 0.280156 -0.050536
v 1.833132 0.229623 -0.089332
v 1.833132 0.292789 -0.063169
v 1.833132 0.318952 -0.000004
v 1.861895 0.229623 -0.071467
v 1.861895 0.301086 -0.000004
v 1.861895 0.179092 -0.050536
v 1.861895 0.280156 0.050528
v 1.833132 0.166459 -0.063169
v 1.833132 0.292789 0.063161
v 1.833132 0.140294 -0.000004
v 1.833132 0.229623 0.089325
v 1.861895 0.158160 -0.000004
v 1.861895 0.229623 0.071459
v 1.861895 0.179092 0.050528
v 1.833132 0.166460 0.063161
v 1.744097 0.335657 -0.014700
v 1.744097 0.305656 0.021000
v 1.744097 0.305656 -0.021000
v 1.744097 0.335657 0.014700
v 1.704098 0.385675 -0.005670
v 1.704098 0.385675 0.005670
v 1.743931 -0.213028 -0.043096
v 1.743932 0.166785 -0.043096
v 1.743932 0.166785 0.043096
v 1.743931 -0.213028 0.043096
v 1.861895 0.272502 -0.000004
v 1.436459 0.272502 -0.000005
v 1.861895 0.259943 -0.030323
v 1.436459 0.259943 0.030314
v 1.436459 0.259943 -0.030324
v 1.861895 0.229623 -0.042881
v 1.861895 0.259943 0.030315
v 1.436459 0.229623 -0.042883
v 1.861895 0.199306 -0.030323
v 1.436459 0.229623 0.042873
v 1.861895 0.229623 0.042874
v 1.436459 0.199306 0.030314
v 1.861895 0.199306 0.030315
v 1.861895 0.186747 -0.000004
v 1.436459 0.186747 -0.000005
v 1.436459 0.199306 -0.030324
v -0.943125 -0.136443 -0.087523
v -1.366332 -0.609266 0.087523
v -0.943125 -0.136443 0.087524
v -0.943314 -0.075137 0.087524
v -1.366332 -0.609266 -0.087523
v -0.943314 -0.075137 -0.087523
v -1.445102 -0.609603 -0.087523
v -0.967643 -0.042163 0.087524
v -1.445102 -0.609603 0.087523
v -0.967643 -0.042164 -0.087523
v -1.508752 -0.517172 -0.087523
v -1.027384 -0.033429 0.087524
v -1.508752 -0.517172 0.087523
v -1.027384 -0.033430 -0.087523
v -1.509305 -0.456381 -0.087523
v -1.509305 -0.456381 0.087523
v 1.094397 0.034232 -0.000003
v 1.094397 0.029079 0.034001
v 1.094397 0.014996 -0.000003
v 1.094397 0.042683 0.020399
v 1.094397 0.042683 -0.020406
v 1.094397 0.063085 0.048086
v 1.094397 0.029079 -0.034008
v 1.094397 0.063085 -0.048093
v 1.094397 0.063085 0.028850
v 1.094397 0.083488 0.020399
v 1.094397 0.097090 0.034001
v 1.094397 0.091938 -0.000003
v 1.094397 0.111175 -0.000003
v 1.094397 0.083488 -0.020406
v 1.094397 0.097090 -0.034008
v 1.094397 0.063085 -0.028857
v 1.094397 0.097090 -0.034008
v 1.075042 0.063085 -0.060115
v 1.075042 0.105591 -0.042509
v 1.075042 0.123197 -0.000003
v 1.094397 0.063085 -0.048093
v 1.094397 0.111175 -0.000003
v 1.094397 0.029079 -0.034008
v 1.094397 0.097090 0.034001
v 1.075042 0.020580 -0.042509
v 1.075042 0.105591 0.042502
v 1.075042 0.002973 -0.000003
v 1.075042 0.063085 0.060109
v 1.094397 0.014996 -0.000003
v 1.094397 0.063085 0.048086
v 1.094397 0.029079 0.034001
v 1.075042 0.020580 0.042502
v -0.703438 0.380657 -0.070000
v -0.703438 0.395657 -0.032667
v -0.703438 0.395657 -0.055001
v -0.703438 0.371257 -0.011978
v -0.703438 0.305656 -0.070000
v -0.703438 0.371257 0.011978
v -0.703438 0.305656 0.070000
v -0.703438 0.380657 0.070000
v -0.703438 0.395657 0.032667
v -0.703438 0.395657 0.055001
v -0.677981 -0.006049 0.083746
v -0.370597 -0.005521 0.083777
v -0.677981 -0.006049 -0.083746
v -0.788078 0.117682 0.083160
v -0.370597 -0.005522 -0.083777
v -0.788078 0.117681 -0.083160
v -0.319986 0.035967 -0.083645
v -0.660093 0.223496 -0.083821
v -0.319985 0.035967 0.083645
v -0.660093 0.223496 0.083821
v -0.320246 0.162616 0.083719
v -0.381287 0.223644 0.083709
v -0.320246 0.162615 -0.083719
v -0.381287 0.223644 -0.083710
v 1.704098 0.385675 -0.005670
v 1.634098 0.385675 -0.005670
v 1.634098 0.385675 0.005670
v 1.704098 0.385675 0.005670
v -0.703438 0.371257 -0.011978
v -0.511903 0.371257 -0.011978
v -0.535903 0.395657 -0.032667
v -0.703438 0.395657 -0.032667
v -0.703438 0.371257 0.011978
v -0.535903 0.395657 -0.055001
v -0.511903 0.371257 0.011978
v -0.703438 0.395657 -0.055001
v -0.535903 0.395657 0.032667
v -0.703438 0.380657 -0.070000
v -0.703438 0.395657 0.032667
v -0.520903 0.380657 -0.070000
v -0.703438 0.395657 0.055001
v -0.703438 0.305656 -0.070000
v -0.475903 0.305656 -0.070000
v -0.475903 0.335657 -0.070000
v -0.535903 0.395657 0.055001
v -0.703438 0.380657 0.070000
v -0.520903 0.380657 0.070000
v -0.703438 0.305656 0.070000
v -0.475903 0.305656 0.070000
v -0.475903 0.335657 0.070000
v 1.408901 0.011082 -0.043095
v 1.408901 0.011082 0.043096
v 1.353064 0.039116 -0.043095
v 1.408901 -0.119594 0.043096
v 1.408901 -0.119594 -0.043096
v 1.353064 0.039116 0.043096
v 1.297225 0.011082 -0.043095
v 1.297225 0.011082 0.043096
v 1.297225 -0.143230 0.043096
v 1.297225 -0.143230 -0.043095
v 1.085296 0.176987 0.052634
v 0.576261 0.176987 0.052634
v 1.085296 0.155183 -0.000003
v 0.576261 0.155183 -0.000003
v 0.576261 0.229623 0.074437
v 1.085296 0.176987 -0.052641
v 1.085296 0.229623 0.074437
v 0.576261 0.176987 -0.052641
v 0.576261 0.282261 0.052634
v 1.085296 0.229623 -0.074444
v 1.085296 0.282261 0.052634
v 0.576261 0.229623 -0.074444
v 0.576261 0.304063 -0.000003
v 1.085296 0.282261 -0.052641
v 1.085296 0.304063 -0.000003
v 0.576261 0.282261 -0.052641
v 1.743931 -0.213028 -0.043096
v 1.743931 -0.213028 0.043096
v 1.632253 -0.213028 -0.043096
v 1.632253 -0.213028 0.043096
v 1.297225 -0.143230 -0.043095
v 1.297225 -0.143230 0.043096
v 1.185546 -0.143229 -0.043095
v 1.185546 -0.143229 0.043096
v -1.019302 0.179798 -0.088312
v -1.019302 0.179798 0.088312
v -0.961296 0.179798 -0.088312
v -0.961296 0.179798 0.088312
v -1.836183 -0.526415 0.088312
v -0.739245 -0.096561 0.088312
v -1.836183 -0.526415 -0.088312
v -0.739245 -0.096561 -0.088312
v -1.861895 -0.623329 -0.088312
v -0.749245 -0.156559 0.088312
v -1.861895 -0.623329 0.088312
v -0.749245 -0.156559 -0.088312
v -1.618621 -0.987251 -0.088312
v -1.518620 -0.987251 0.088312
v -1.618621 -0.987251 0.088312
v -1.518620 -0.987251 -0.088312
v -0.760445 -0.102106 -0.108312
v -0.931065 -0.141054 -0.108312
v -0.931065 -0.071054 -0.108312
v -0.961066 -0.031055 -0.108312
v -0.767987 -0.147365 -0.108312
v -0.970882 0.159798 -0.108312
v -1.031065 -0.021054 -0.108312
v -1.011855 0.159798 -0.108312
v -1.361066 -0.621054 -0.108312
v -1.521065 -0.451055 -0.108312
v -1.818434 -0.537507 -0.108312
v -1.521065 -0.751054 -0.108312
v -1.527358 -0.967251 -0.108312
v -1.451066 -0.621054 -0.108312
v -1.571065 -0.811054 -0.108312
v -1.531065 -0.701055 -0.108312
v -1.607934 -0.967251 -0.108312
v -1.621066 -0.591054 -0.108312
v -1.631066 -0.811054 -0.108312
v -1.521065 -0.521055 -0.108312
v -1.711066 -0.711055 -0.108312
v -1.701066 -0.591054 -0.108312
v -1.840246 -0.619725 -0.108312
v -0.970882 0.159799 0.108312
v -0.961066 -0.031054 0.108312
v -0.760445 -0.102105 0.108312
v -0.931065 -0.071053 0.108312
v -1.031065 -0.021054 0.108312
v -0.931065 -0.141053 0.108312
v -1.011855 0.159799 0.108312
v -0.767987 -0.147364 0.108312
v -1.521065 -0.451055 0.108312
v -1.361066 -0.621054 0.108312
v -1.818434 -0.537507 0.108312
v -1.521065 -0.521055 0.108312
v -1.521065 -0.751054 0.108312
v -1.527358 -0.967251 0.108312
v -1.451066 -0.621054 0.108312
v -1.571065 -0.811054 0.108312
v -1.531065 -0.701055 0.108312
v -1.607934 -0.967251 0.108312
v -1.621066 -0.591054 0.108312
v -1.631066 -0.811054 0.108312
v -1.701066 -0.591054 0.108312
v -1.711066 -0.711055 0.108312
v -1.840246 -0.619725 0.108312
v 1.520577 -0.119594 0.043096
v 1.408901 -0.119594 -0.043096
v 1.520577 -0.119594 -0.043096
v 1.408901 -0.119594 0.043096
v -1.531065 -0.701055 -0.108312
v -1.626786 -0.603126 -0.093669
v -1.621066 -0.591054 -0.108312
v -1.543142 -0.706762 -0.093669
v -1.692022 -0.600884 -0.093669
v -1.521065 -0.751054 -0.108312
v -1.701066 -0.591054 -0.108312
v -1.534012 -0.747768 -0.093669
v -1.711066 -0.711055 -0.108312
v -1.571065 -0.811054 -0.108312
v -1.698288 -0.707160 -0.093669
v -1.576730 -0.798957 -0.093669
v -1.625279 -0.799015 -0.093669
v -1.631066 -0.811054 -0.108312
v -1.692022 -0.600884 0.093669
v -1.626786 -0.603126 0.093669
v -1.621066 -0.591054 0.108312
v -1.531065 -0.701055 0.108312
v -1.701066 -0.591054 0.108312
v -1.543142 -0.706762 0.093669
v -1.711066 -0.711055 0.108312
v -1.521065 -0.751054 0.108312
v -1.698288 -0.707160 0.093669
v -1.534012 -0.747768 0.093669
v -1.625279 -0.799015 0.093669
v -1.571065 -0.811054 0.108312
v -1.631066 -0.811054 0.108312
v -1.576730 -0.798957 0.093669
v 0.475055 0.158946 0.100000
v 0.644098 0.205876 0.100000
v 0.615813 0.298692 0.100000
v 0.644098 0.270407 0.100000
v 0.460060 -0.017242 0.100000
v 0.415055 0.238946 0.100000
v 0.385054 0.018947 0.100000
v -0.077619 0.298692 0.100000
v -0.036921 -0.017242 0.100000
v -0.064946 0.238946 0.100000
v -0.064945 0.018947 0.100000
v -0.107619 0.268692 0.100000
v -0.144946 0.148946 0.100000
v -0.106921 -0.067241 0.100000
v -0.107243 0.087678 0.100000
v -0.304945 0.028946 0.100000
v -0.304945 0.168945 0.100000
v -0.342570 0.268692 0.100000
v -0.364945 -0.021054 0.100000
v -0.374945 0.238946 0.100000
v -0.740956 -0.067241 0.100000
v -0.382570 0.298692 0.100000
v -0.684945 -0.021054 0.100000
v -0.665902 0.238946 0.100000
v -0.804945 0.118946 0.100000
v -0.739747 0.298692 0.100000
v -0.931307 0.168431 0.100000
v -0.304945 0.168945 -0.100000
v -0.107619 0.268692 -0.100000
v -0.144946 0.148946 -0.100000
v -0.064946 0.238945 -0.100000
v -0.077619 0.298692 -0.100000
v 0.415055 0.238945 -0.100000
v -0.342570 0.268692 -0.100000
v 0.615813 0.298692 -0.100000
v -0.304945 0.028945 -0.100000
v -0.374945 0.238945 -0.100000
v -0.382570 0.298692 -0.100000
v -0.665902 0.238945 -0.100000
v -0.739747 0.298692 -0.100000
v -0.804945 0.118945 -0.100000
v -0.931307 0.168430 -0.100000
v -0.740956 -0.067242 -0.100000
v -0.684945 -0.021054 -0.100000
v -0.364945 -0.021054 -0.100000
v -0.106921 -0.067242 -0.100000
v -0.064945 0.018946 -0.100000
v -0.036921 -0.017243 -0.100000
v 0.385054 0.018946 -0.100000
v 0.460060 -0.017243 -0.100000
v 0.475055 0.158945 -0.100000
v 0.644098 0.205876 -0.100000
v 0.644098 0.270407 -0.100000
v -0.970882 0.159798 -0.108312
v -1.011855 0.159798 -0.108312
v -1.019302 0.179798 -0.088312
v -0.961296 0.179798 -0.088312
v -1.836183 -0.526415 -0.088312
v -0.739245 -0.096561 -0.088312
v -1.818434 -0.537507 -0.108312
v -0.760445 -0.102106 -0.108312
v -1.840246 -0.619725 -0.108312
v -0.749245 -0.156559 -0.088312
v -1.861895 -0.623329 -0.088312
v -0.767987 -0.147365 -0.108312
v -1.607934 -0.967251 -0.108312
v -1.527358 -0.967251 -0.108312
v -1.618621 -0.987251 -0.088312
v -1.518620 -0.987251 -0.088312
v -1.019302 0.179798 0.088312
v -0.970882 0.159799 0.108312
v -0.961296 0.179798 0.088312
v -0.739245 -0.096561 0.088312
v -1.011855 0.159799 0.108312
v -0.760445 -0.102105 0.108312
v -1.836183 -0.526415 0.088312
v -0.749245 -0.156559 0.088312
v -1.818434 -0.537507 0.108312
v -0.767987 -0.147364 0.108312
v -1.840246 -0.619725 0.108312
v -1.527358 -0.967251 0.108312
v -1.861895 -0.623329 0.088312
v -1.518620 -0.987251 0.088312
v -1.607934 -0.967251 0.108312
v -1.618621 -0.987251 0.088312
v -0.961066 -0.031054 0.108312
v -1.031065 -0.021054 0.108312
v -0.967643 -0.042163 0.087524
v -0.931065 -0.071053 0.108312
v -1.027384 -0.033429 0.087524
v -0.943314 -0.075137 0.087524
v -1.509305 -0.456381 0.087523
v -0.943125 -0.136443 0.087524
v -1.521065 -0.451055 0.108312
v -0.931065 -0.141053 0.108312
v -1.521065 -0.521055 0.108312
v -1.366332 -0.609266 0.087523
v -1.508752 -0.517172 0.087523
v -1.361066 -0.621054 0.108312
v -1.445102 -0.609603 0.087523
v -1.451066 -0.621054 0.108312
v -0.931065 -0.071054 -0.108312
v -0.943125 -0.136443 -0.087523
v -0.943314 -0.075137 -0.087523
v -0.967643 -0.042164 -0.087523
v -0.931065 -0.141054 -0.108312
v -0.961066 -0.031055 -0.108312
v -1.366332 -0.609266 -0.087523
v -1.031065 -0.021054 -0.108312
v -1.361066 -0.621054 -0.108312
v -1.027384 -0.033430 -0.087523
v -1.445102 -0.609603 -0.087523
v -1.509305 -0.456381 -0.087523
v -1.451066 -0.621054 -0.108312
v -1.521065 -0.451055 -0.108312
v -1.521065 -0.521055 -0.108312
v -1.508752 -0.517172 -0.087523
v -0.127232 0.147512 -0.080812
v -0.064946 0.238945 -0.100000
v -0.057788 0.223671 -0.082683
v 0.407234 0.223862 -0.082404
v -0.144946 0.148946 -0.100000
v 0.415055 0.238945 -0.100000
v -0.056498 0.033809 -0.082162
v 0.457441 0.158449 -0.081096
v -0.064945 0.018946 -0.100000
v 0.475055 0.158945 -0.100000
v 0.385054 0.018946 -0.100000
v 0.376789 0.033905 -0.082172
v -0.127232 0.147512 0.080812
v -0.107243 0.087678 0.100000
v -0.056498 0.033809 0.082163
v -0.064945 0.018947 0.100000
v -0.144946 0.148946 0.100000
v 0.385054 0.018947 0.100000
v -0.064946 0.238946 0.100000
v 0.376789 0.033905 0.082172
v -0.057788 0.223671 0.082682
v 0.475055 0.158946 0.100000
v 0.407234 0.223862 0.082404
v 0.457441 0.158450 0.081096
v 0.415055 0.238946 0.100000
v 0.624097 0.318691 0.080000
v -0.077619 0.298692 0.100000
v 0.615813 0.298692 0.100000
v -0.085903 0.318691 0.080000
v 0.664097 0.278692 0.080000
v -0.115903 0.288693 0.080000
v 0.644098 0.270407 0.100000
v -0.107619 0.268692 0.100000
v 0.664097 0.198691 0.080000
v -0.342570 0.268692 0.100000
v 0.644098 0.205876 0.100000
v -0.335903 0.288693 0.080000
v 0.460060 -0.017242 0.100000
v -0.382570 0.298692 0.100000
v 0.469489 -0.037241 0.080000
v -0.375903 0.318691 0.080000
v -0.030512 -0.037241 0.080000
v -0.745903 0.318691 0.080000
v -0.036921 -0.017242 0.100000
v -0.739747 0.298692 0.100000
v -0.106921 -0.067241 0.100000
v -0.931307 0.168431 0.100000
v -0.100512 -0.087242 0.080000
v -0.960510 0.172758 0.080000
v -0.740956 -0.067241 0.100000
v -0.750511 -0.087242 0.080000
v -0.085903 0.318691 -0.080000
v 0.624097 0.318691 -0.080000
v -0.077619 0.298692 -0.100000
v -0.115903 0.288693 -0.080000
v 0.615813 0.298692 -0.100000
v -0.107619 0.268692 -0.100000
v 0.664097 0.278692 -0.080000
v -0.342570 0.268692 -0.100000
v 0.644098 0.270407 -0.100000
v -0.335903 0.288693 -0.080000
v 0.664097 0.198691 -0.080000
v -0.382570 0.298692 -0.100000
v 0.644098 0.205876 -0.100000
v -0.375903 0.318691 -0.080000
v 0.460060 -0.017243 -0.100000
v -0.745903 0.318691 -0.080000
v 0.469489 -0.037242 -0.080000
v -0.739747 0.298692 -0.100000
v -0.030512 -0.037242 -0.080000
v -0.931307 0.168430 -0.100000
v -0.036921 -0.017243 -0.100000
v -0.960510 0.172757 -0.080000
v -0.106921 -0.067242 -0.100000
v -0.750511 -0.087242 -0.080000
v -0.100512 -0.087242 -0.080000
v -0.740956 -0.067242 -0.100000
v -0.665902 0.238946 0.100000
v -0.788078 0.117682 0.083160
v -0.660093 0.223496 0.083821
v -0.381287 0.223644 0.083709
v -0.804945 0.118946 0.100000
v -0.374945 0.238946 0.100000
v -0.684945 -0.021054 0.100000
v -0.320246 0.162616 0.083719
v -0.677981 -0.006049 0.083746
v -0.304945 0.168945 0.100000
v -0.364945 -0.021054 0.100000
v -0.319985 0.035967 0.083645
v -0.370597 -0.005521 0.083777
v -0.304945 0.028946 0.100000
v -0.677981 -0.006049 -0.083746
v -0.364945 -0.021054 -0.100000
v -0.684945 -0.021054 -0.100000
v -0.370597 -0.005522 -0.083777
v -0.788078 0.117681 -0.083160
v -0.319986 0.035967 -0.083645
v -0.804945 0.118945 -0.100000
v -0.304945 0.028945 -0.100000
v -0.665902 0.238945 -0.100000
v -0.304945 0.168945 -0.100000
v -0.660093 0.223496 -0.083821
v -0.320246 0.162615 -0.083719
v -0.381287 0.223644 -0.083710
v -0.374945 0.238945 -0.100000
v 1.744097 0.335657 -0.014700
v 1.574097 0.305656 -0.021000
v 1.574097 0.335657 -0.014700
v 1.744097 0.305656 -0.021000
v 1.634098 0.385675 -0.005670
v 1.704098 0.385675 -0.005670
v 1.744097 0.335657 0.014700
v 1.574097 0.335657 0.014700
v 1.744097 0.305656 0.021000
v 1.574097 0.305656 0.021000
v 1.634098 0.385675 0.005670
v 1.704098 0.385675 0.005670
v 1.576416 0.039116 0.043096
v 1.353064 0.039116 0.043096
v 1.408901 0.011082 0.043096
v 1.520577 0.011082 0.043096
v 1.520577 -0.119594 0.043096
v 1.408901 -0.119594 0.043096
v 1.185548 0.166785 0.043096
v 1.297225 0.011082 0.043096
v 1.185546 -0.143229 0.043096
v 1.297225 -0.143230 0.043096
v 1.743932 0.166785 0.043096
v 1.632253 0.011082 0.043096
v 1.743931 -0.213028 0.043096
v 1.632253 -0.213028 0.043096
v 1.185548 0.166785 -0.043095
v 1.743932 0.166785 -0.043096
v 1.576416 0.039116 -0.043096
v 1.632253 0.011082 -0.043096
v 1.743931 -0.213028 -0.043096
v 1.632253 -0.213028 -0.043096
v 1.353064 0.039116 -0.043095
v 1.520577 0.011082 -0.043096
v 1.297225 0.011082 -0.043095
v 1.185546 -0.143229 -0.043095
v 1.297225 -0.143230 -0.043095
v 1.408901 0.011082 -0.043095
v 1.408901 -0.119594 -0.043096
v 1.520577 -0.119594 -0.043096
v 1.075042 0.020580 -0.042509
v 0.464336 0.002973 -0.000003
v 0.464336 0.020580 -0.042509
v 1.075042 0.002973 -0.000003
v 1.075042 0.063085 -0.060115
v 0.464336 0.020580 0.042502
v 0.464336 0.063085 -0.060115
v 1.075042 0.020580 0.042502
v 1.075042 0.105591 -0.042509
v 0.464336 0.063085 0.060109
v 0.464336 0.105591 -0.042509
v 1.075042 0.063085 0.060109
v 1.075042 0.123197 -0.000003
v 0.464336 0.105591 0.042502
v 0.464336 0.123197 -0.000003
v 1.075042 0.105591 0.042502
v -0.375903 0.318691 0.080000
v -0.335903 0.288693 -0.080000
v -0.375903 0.318691 -0.080000
v -0.335903 0.288693 0.080000
v -0.745903 0.318691 0.080000
v -0.115903 0.288693 -0.080000
v -0.745903 0.318691 -0.080000
v -0.115903 0.288693 0.080000
v -0.960510 0.172758 0.080000
v -0.085903 0.318691 -0.080000
v -0.960510 0.172757 -0.080000
v -0.085903 0.318691 0.080000
v -0.750511 -0.087242 0.080000
v 0.624097 0.318691 0.080000
v -0.750511 -0.087242 -0.080000
v 0.624097 0.318691 -0.080000
v -0.100512 -0.087242 0.080000
v 0.664097 0.278692 -0.080000
v -0.100512 -0.087242 -0.080000
v 0.664097 0.278692 0.080000
v -0.030512 -0.037241 0.080000
v 0.664097 0.198691 -0.080000
v -0.030512 -0.037242 -0.080000
v 0.664097 0.198691 0.080000
v 0.469489 -0.037241 0.080000
v 0.469489 -0.037242 -0.080000
v -0.127232 0.147512 0.080812
v -0.056498 0.033809 -0.082162
v -0.127232 0.147512 -0.080812
v -0.056498 0.033809 0.082163
v -0.057788 0.223671 0.082682
v 0.376789 0.033905 0.082172
v -0.057788 0.223671 -0.082683
v 0.376789 0.033905 -0.082172
v 0.407234 0.223862 -0.082404
v 0.457441 0.158449 -0.081096
v 0.407234 0.223862 0.082404
v 0.457441 0.158450 0.081096
v -0.520903 0.380657 -0.070000
v -0.511903 0.371257 -0.011978
v -0.475903 0.335657 -0.070000
v -0.535903 0.395657 -0.032667
v -0.535903 0.395657 -0.055001
v -0.511903 0.371257 0.011978
v -0.475903 0.305656 0.070000
v -0.475903 0.305656 -0.070000
v -0.475903 0.335657 0.070000
v -0.520903 0.380657 0.070000
v -0.535903 0.395657 0.032667
v -0.535903 0.395657 0.055001
v 1.632253 -0.213028 -0.043096
v 1.632253 0.011082 0.043096
v 1.632253 0.011082 -0.043096
v 1.632253 -0.213028 0.043096
v 1.576416 0.039116 -0.043096
v 1.576416 0.039116 0.043096
v 1.520577 0.011082 -0.043096
v 1.520577 0.011082 0.043096
v 1.520577 -0.119594 0.043096
v 1.520577 -0.119594 -0.043096
v 1.114059 0.318952 -0.000003
v 1.114059 0.292789 -0.063168
v 1.085296 0.282261 -0.052641
v 1.114059 0.229623 -0.089332
v 1.085296 0.304063 -0.000003
v 1.085296 0.229623 -0.074444
v 1.085296 0.282261 0.052634
v 1.085296 0.176987 -0.052641
v 1.114059 0.292789 0.063161
v 1.114059 0.166459 -0.063168
v 1.114059 0.229623 0.089325
v 1.114059 0.140294 -0.000003
v 1.085296 0.229623 0.074437
v 1.085296 0.155183 -0.000003
v 1.085296 0.176987 0.052634
v 1.114059 0.166460 0.063161
v 1.185548 0.166785 -0.043095
v 1.185546 -0.143229 -0.043095
v 1.185546 -0.143229 0.043096
v 1.185548 0.166785 0.043096
v 1.574097 0.305656 -0.021000
v 1.574097 0.335657 0.014700
v 1.574097 0.335657 -0.014700
v 1.574097 0.305656 0.021000
v 1.634098 0.385675 0.005670
v 1.634098 0.385675 -0.005670
v 1.114059 0.166459 -0.063168
v 1.833132 0.140294 -0.000004
v 1.114059 0.140294 -0.000003
v 1.833132 0.166459 -0.063169
v 1.833132 0.166460 0.063161
v 1.833132 0.229623 -0.089332
v 1.114059 0.166460 0.063161
v 1.114059 0.229623 -0.089332
v 1.114059 0.229623 0.089325
v 1.833132 0.292789 -0.063169
v 1.833132 0.229623 0.089325
v 1.114059 0.292789 -0.063168
v 1.114059 0.292789 0.063161
v 1.833132 0.318952 -0.000004
v 1.833132 0.292789 0.063161
v 1.114059 0.318952 -0.000003
v -1.692022 -0.600884 -0.093669
v -1.692022 -0.600884 0.093669
v -1.698288 -0.707160 -0.093669
v -1.698288 -0.707160 0.093669
v -1.626786 -0.603126 0.093669
v -1.625279 -0.799015 -0.093669
v -1.626786 -0.603126 -0.093669
v -1.625279 -0.799015 0.093669
v -1.543142 -0.706762 0.093669
v -1.576730 -0.798957 -0.093669
v -1.543142 -0.706762 -0.093669
v -1.576730 -0.798957 0.093669
v -1.534012 -0.747768 0.093669
v -1.534012 -0.747768 -0.093669
vn 1.0000 -0.0000 -0.0000
vn 0.5276 0.6007 -0.6007
vn 0.5276 -0.0000 -0.8495
vn 0.5276 0.8495 -0.0000
vn 0.5276 -0.6007 -0.6007
vn 0.5276 0.6007 0.6007
vn 0.5276 -0.8495 -0.0000
vn 0.5276 -0.0000 0.8495
vn 0.5276 -0.6007 0.6007
vn 0.9441 0.3297 -0.0000
vn 0.7810 0.6245 -0.0000
vn -0.0000 -1.0000 -0.0000
vn 0.1540 -0.9881 0.0001
vn -0.0000 -0.7071 0.7071
vn 0.1540 -0.6987 -0.6987
vn 0.1540 -0.6987 0.6986
vn -0.0000 -0.0000 1.0000
vn -0.0000 -0.7071 -0.7071
vn 0.1540 -0.0000 0.9881
vn -0.0000 0.7071 0.7071
vn 0.1540 -0.0000 -0.9881
vn -0.0000 -0.0000 -1.0000
vn 0.1540 0.6987 -0.6987
vn -0.0000 0.7071 -0.7071
vn -0.0000 1.0000 -0.0000
vn 0.1540 0.9881 0.0001
vn 0.1540 0.6987 0.6987
vn -0.9144 0.4048 -0.0000
vn -0.1634 0.9866 -0.0000
vn -0.9383 -0.3459 -0.0000
vn -0.1633 0.9866 -0.0000
vn 0.1625 0.9867 -0.0000
vn -0.3114 -0.9503 -0.0001
vn 0.1624 0.9867 -0.0001
vn -0.3113 -0.9503 -0.0000
vn 0.9446 0.3281 -0.0000
vn 0.0705 -0.9975 -0.0000
vn 0.0704 -0.9975 0.0001
vn 0.8731 -0.4876 -0.0000
vn 0.8731 -0.4875 -0.0000
vn 0.5277 -0.0000 0.8495
vn 0.5277 -0.8495 -0.0000
vn -1.0000 -0.0000 -0.0000
vn 0.1581 0.9874 0.0001
vn -0.1518 0.9884 -0.0004
vn 0.1581 0.9874 0.0010
vn 0.9883 -0.1523 0.0004
vn -0.1517 0.9884 0.0001
vn 0.9883 -0.1523 -0.0000
vn -0.8570 0.5153 -0.0000
vn 0.1510 -0.9885 -0.0000
vn -0.8570 0.5153 0.0001
vn 0.1509 -0.9885 -0.0008
vn -0.8956 -0.4448 -0.0000
vn -0.1562 -0.9877 -0.0000
vn -0.0000 0.9074 0.4203
vn -0.0000 0.9165 0.4001
vn -0.0000 0.8987 0.4385
vn -0.0000 0.9074 -0.4203
vn -0.0000 0.9172 -0.3984
vn -0.0000 0.9165 -0.4001
vn -0.0000 0.9239 -0.3827
vn -0.0000 0.8987 -0.4385
vn -0.0000 0.3827 -0.9239
vn -0.0000 0.3435 -0.9392
vn -0.0000 0.9239 0.3827
vn -0.0000 0.9172 0.3984
vn -0.0000 0.3827 0.9239
vn -0.0000 0.3435 0.9392
vn -0.7209 -0.6930 -0.0000
vn -0.7209 -0.6931 -0.0001
vn 0.7209 -0.6931 0.0001
vn 0.7209 -0.6931 -0.0000
vn -0.1522 0.9883 -0.0000
vn 0.1626 0.9867 -0.0000
vn -0.8169 0.5767 -0.0000
vn 0.9536 0.3010 -0.0000
vn -0.9806 -0.1961 -0.0000
vn 0.8786 -0.4776 -0.0000
vn -0.1667 -0.9860 -0.0000
vn 0.1588 -0.9873 -0.0000
vn 0.1590 -0.9873 -0.0000
vn -0.6517 -0.3756 -0.6589
vn -0.2059 -0.7351 -0.6459
vn -0.1072 -0.7735 -0.6247
vn -0.6873 -0.3039 -0.6598
vn 0.1918 -0.7127 -0.6747
vn -0.6881 0.2591 -0.6778
vn 0.1070 -0.7550 -0.6470
vn -0.7114 0.1702 -0.6819
vn 0.6970 0.2972 -0.6526
vn -0.0966 0.7495 -0.6549
vn 0.7304 0.2130 -0.6490
vn -0.1877 0.7212 -0.6668
vn 0.1875 0.7188 -0.6695
vn 0.0964 0.7482 -0.6564
vn 0.1918 -0.7127 0.6747
vn -0.2059 -0.7351 0.6459
vn -0.1072 -0.7735 0.6247
vn -0.6517 -0.3756 0.6589
vn 0.1070 -0.7550 0.6470
vn -0.6873 -0.3039 0.6598
vn 0.6970 0.2972 0.6526
vn -0.6881 0.2591 0.6778
vn 0.7304 0.2130 0.6489
vn -0.7114 0.1702 0.6819
vn 0.1875 0.7188 0.6695
vn -0.0965 0.7495 0.6549
vn 0.0965 0.7482 0.6564
vn -0.1877 0.7212 0.6668
vn 0.1856 0.6489 -0.7379
vn -0.1702 0.6644 -0.7278
vn -0.0822 0.6892 -0.7199
vn 0.0865 0.6834 -0.7249
vn -0.5323 0.4458 -0.7197
vn 0.6300 0.2470 -0.7363
vn -0.6004 0.3424 -0.7227
vn 0.6561 0.1552 -0.7385
vn -0.6662 -0.0998 -0.7391
vn 0.5846 -0.3741 -0.7199
vn -0.6548 -0.1627 -0.7381
vn 0.6323 -0.2813 -0.7219
vn -0.1913 -0.6410 -0.7433
vn 0.1802 -0.6550 -0.7338
vn -0.0881 -0.6804 -0.7275
vn 0.0850 -0.6857 -0.7229
vn -0.0822 0.6892 0.7199
vn 0.1856 0.6489 0.7379
vn 0.0865 0.6834 0.7249
vn 0.6300 0.2470 0.7363
vn -0.1702 0.6644 0.7278
vn 0.6561 0.1552 0.7385
vn -0.5322 0.4459 0.7197
vn 0.5846 -0.3741 0.7199
vn -0.6004 0.3424 0.7227
vn 0.6323 -0.2813 0.7219
vn -0.6662 -0.0998 0.7391
vn 0.1802 -0.6550 0.7338
vn -0.6548 -0.1627 0.7381
vn 0.0850 -0.6858 0.7228
vn -0.1913 -0.6411 0.7433
vn -0.0881 -0.6804 0.7275
vn -0.2237 -0.8296 0.5115
vn 0.0501 -0.8526 0.5201
vn -0.3297 -0.7856 0.5236
vn -0.7880 -0.3264 0.5221
vn 0.0863 -0.8477 0.5234
vn -0.8099 -0.2651 0.5233
vn 0.7651 -0.3630 0.5318
vn -0.7933 0.3049 0.5270
vn 0.7144 -0.4612 0.5263
vn -0.7611 0.3821 0.5241
vn 0.7998 0.3088 0.5147
vn -0.1869 0.8354 0.5169
vn 0.8184 0.2530 0.5160
vn -0.1147 0.8538 0.5077
vn 0.1896 0.8309 0.5231
vn 0.1164 0.8511 0.5120
vn -0.7880 -0.3264 -0.5221
vn -0.7933 0.3049 -0.5270
vn -0.8099 -0.2651 -0.5233
vn -0.3297 -0.7856 -0.5236
vn -0.7611 0.3821 -0.5241
vn -0.2237 -0.8296 -0.5115
vn -0.1869 0.8354 -0.5169
vn 0.0501 -0.8526 -0.5201
vn -0.1147 0.8538 -0.5077
vn 0.0863 -0.8477 -0.5234
vn 0.1896 0.8309 -0.5231
vn 0.7651 -0.3630 -0.5318
vn 0.1164 0.8511 -0.5120
vn 0.7144 -0.4612 -0.5263
vn 0.7996 0.3088 -0.5151
vn 0.8184 0.2530 -0.5160
vn 0.7013 -0.0722 -0.7092
vn 0.0930 -0.7371 -0.6693
vn 0.1869 -0.7123 -0.6765
vn -0.1918 -0.7056 -0.6822
vn 0.6954 -0.1201 -0.7085
vn -0.0955 -0.7340 -0.6724
vn 0.1976 0.7105 -0.6754
vn -0.7098 -0.0314 -0.7037
vn 0.0993 0.7429 -0.6620
vn -0.7089 -0.0483 -0.7037
vn -0.0985 0.7428 -0.6622
vn -0.1964 0.7103 -0.6759
vn 0.7013 -0.0722 0.7092
vn 0.6653 0.4150 0.6206
vn 0.1976 0.7105 0.6754
vn 0.0992 0.7429 0.6620
vn 0.6954 -0.1201 0.7085
vn -0.0985 0.7428 0.6622
vn 0.0930 -0.7371 0.6693
vn -0.1964 0.7103 0.6759
vn 0.1869 -0.7123 0.6765
vn -0.7089 -0.0483 0.7036
vn -0.1919 -0.7056 0.6821
vn -0.7098 -0.0314 0.7037
vn -0.0955 -0.7340 0.6724
vn 0.0841 0.6870 0.7218
vn -0.1770 0.6583 0.7316
vn 0.1770 0.6583 0.7316
vn -0.0840 0.6870 0.7218
vn 0.5832 0.3555 0.7304
vn 0.6351 0.2396 0.7343
vn 0.6167 -0.3042 0.7260
vn 0.0801 0.6913 0.7181
vn 0.6521 -0.2113 0.7280
vn 0.1627 0.6700 0.7243
vn 0.1846 -0.6501 0.7371
vn 0.0863 -0.6839 0.7245
vn 0.1599 -0.6719 0.7232
vn -0.0786 0.6927 0.7169
vn 0.0794 -0.6920 0.7175
vn -0.1570 0.6738 0.7221
vn -0.5526 0.0967 0.8278
vn -0.5258 0.2330 0.8181
vn -0.1854 -0.6492 0.7377
vn -0.0864 -0.6835 0.7248
vn -0.0840 0.6870 -0.7218
vn 0.0841 0.6870 -0.7218
vn -0.1771 0.6583 -0.7316
vn -0.1770 0.6583 -0.7316
vn 0.1770 0.6583 -0.7316
vn 0.5832 0.3555 -0.7304
vn 0.0801 0.6913 -0.7181
vn 0.6351 0.2396 -0.7343
vn 0.1627 0.6700 -0.7243
vn 0.6167 -0.3042 -0.7260
vn 0.6521 -0.2113 -0.7281
vn 0.0801 0.6914 -0.7181
vn 0.1846 -0.6501 -0.7371
vn -0.0786 0.6927 -0.7169
vn 0.0863 -0.6839 -0.7245
vn -0.1570 0.6738 -0.7221
vn 0.1599 -0.6719 -0.7232
vn -0.5526 0.0968 -0.8278
vn 0.0794 -0.6920 -0.7175
vn -0.5258 0.2330 -0.8181
vn -0.0864 -0.6835 -0.7248
vn -0.1854 -0.6492 -0.7377
vn 0.0860 -0.7163 0.6924
vn 0.6451 -0.0662 0.7612
vn 0.1754 -0.7003 0.6919
vn -0.1780 -0.6796 0.7116
vn 0.6389 -0.1220 0.7595
vn -0.0870 -0.7065 0.7024
vn 0.0906 0.7136 0.6947
vn -0.6565 -0.2524 0.7108
vn 0.1873 0.6907 0.6984
vn -0.6047 -0.3652 0.7078
vn -0.0846 0.7117 0.6973
vn -0.6348 0.2847 0.7183
vn -0.1705 0.6888 0.7046
vn -0.5646 0.4170 0.7123
vn 0.1873 0.6907 -0.6984
vn -0.0846 0.7117 -0.6974
vn 0.0906 0.7136 -0.6947
vn -0.1705 0.6888 -0.7046
vn 0.6451 -0.0662 -0.7612
vn -0.6348 0.2847 -0.7183
vn 0.6389 -0.1220 -0.7595
vn -0.5646 0.4170 -0.7123
vn 0.0861 -0.7163 -0.6925
vn -0.6047 -0.3653 -0.7078
vn 0.1754 -0.7003 -0.6919
vn -0.6565 -0.2524 -0.7108
vn -0.1780 -0.6796 -0.7116
vn -0.0870 -0.7065 -0.7024
vn -0.0000 0.1923 -0.9813
vn -0.0000 0.2055 -0.9787
vn -0.0000 0.1927 -0.9813
vn -0.0000 0.1777 -0.9841
vn -0.0000 0.1923 0.9813
vn -0.0000 0.1927 0.9813
vn -0.0000 0.2055 0.9787
vn -0.0000 0.1777 0.9841
vn 0.1474 0.9891 -0.0001
vn 0.1474 0.9891 -0.0000
vn 0.1475 0.9891 -0.0000
vn -0.1438 0.9896 -0.0000
vn -0.1567 0.9876 0.0001
vn -0.1438 0.9896 0.0001
vn -0.1568 0.9876 -0.0000
vn -0.9534 0.3016 -0.0000
vn -0.1567 0.9876 -0.0000
vn -0.9535 0.3015 -0.0000
vn -0.1623 -0.9867 -0.0001
vn 0.1567 0.9876 -0.0000
vn -0.1623 -0.9867 -0.0000
vn 0.1570 0.9876 -0.0000
vn 0.1456 -0.9893 -0.0000
vn 0.8960 0.4440 -0.0000
vn 0.1456 -0.9893 0.0001
vn 0.9253 -0.3792 -0.0000
vn 0.1618 -0.9868 -0.0000
vn 0.1620 -0.9868 -0.0000
vn 0.9897 -0.1433 0.0006
vn 0.1667 0.9860 0.0038
vn 0.9897 -0.1433 -0.0000
vn 0.1667 0.9860 0.0002
vn 0.1579 -0.9875 -0.0000
vn -0.1666 0.9860 -0.0027
vn 0.1578 -0.9875 -0.0000
vn -0.1667 0.9860 0.0002
vn -0.1613 -0.9869 -0.0000
vn -0.9981 -0.0613 -0.0002
vn -0.9981 -0.0613 -0.0000
vn 0.7062 0.7080 -0.0000
vn 0.8956 0.4449 -0.0000
vn 0.7063 0.7080 -0.0000
vn -0.7208 -0.6932 -0.0001
vn -0.7208 -0.6932 -0.0000
vn 0.7209 -0.6930 -0.0000
vn -0.4597 0.8881 -0.0000
vn -0.4597 0.6280 -0.6280
vn -0.4597 -0.0000 -0.8881
vn -0.4597 0.6280 0.6280
vn -0.4597 -0.6280 -0.6280
vn -0.4597 -0.0000 0.8881
vn -0.4597 -0.8881 -0.0000
vn -0.4597 -0.6280 0.6280
vn -0.8872 0.4615 -0.0000
vn -0.6403 0.7681 -0.0000
vn 0.1569 -0.9876 -0.0000
vn 0.9392 0.3433 -0.0000
vn -0.1930 -0.9812 -0.0000
vn 0.1618 0.9868 -0.0000
vn 0.1618 0.9868 -0.0002
vn -0.8897 -0.4566 -0.0000
vn -0.1625 0.9867 0.0001
vn -0.1625 0.9867 -0.0000
vn -0.9571 0.2898 -0.0000
vt 0.000000 0.000000
s 1
f 193/2/140 194/2/140 195/2/140
f 196/2/140 193/2/140 195/2/140
f 194/2/140 193/2/140 197/2/140
f 193/2/140 196/2/140 198/2/140
f 199/2/140 194/2/140 197/2/140
f 200/2/140 198/2/140 196/2/140
f 194/2/140 199/2/140 201/2/140
f 198/2/140 200/2/140 202/2/140
f 199/2/140 203/2/140 201/2/140
f 200/2/140 204/2/140 202/2/140
f 203/2/140 199/2/140 205/2/140
f 204/2/140 200/2/140 206/2/140
f 207/2/140 203/2/140 205/2/140
f 206/2/140 207/2/140 204/2/140
f 203/2/140 207/2/140 208/2/140
f 206/2/140 208/2/140 207/2/140
f 209/2/141 210/2/142 211/2/141
f 212/2/143 209/2/141 211/2/141
f 210/2/142 209/2/141 213/2/142
f 209/2/141 212/2/143 214/2/143
f 215/2/144 210/2/142 213/2/142
f 214/2/143 212/2/143 216/2/145
f 210/2/142 215/2/144 217/2/144
f 212/2/143 218/2/145 216/2/145
f 215/2/144 219/2/146 217/2/144
f 220/2/147 216/2/145 218/2/145
f 219/2/146 215/2/144 221/2/146
f 216/2/145 220/2/147 222/2/147
f 223/2/148 219/2/146 221/2/146
f 220/2/147 223/2/148 222/2/147
f 219/2/146 223/2/148 224/2/148
f 223/2/148 220/2/147 224/2/148
f 225/2/149 226/2/140 227/2/140
f 226/2/140 225/2/149 228/2/149
f 229/2/150 228/2/149 225/2/149
f 228/2/149 229/2/150 230/2/150
f 231/2/140 232/2/140 233/2/140
f 231/2/140 233/2/140 234/2/140
f 235/2/151 236/2/152 237/2/153
f 236/2/152 235/2/151 238/2/154
f 239/2/155 237/2/153 236/2/152
f 238/2/154 239/2/155 236/2/152
f 237/2/153 239/2/155 240/2/156
f 241/2/157 238/2/154 235/2/151
f 242/2/158 240/2/156 239/2/155
f 240/2/156 242/2/158 243/2/159
f 238/2/154 241/2/157 244/2/160
f 245/2/161 244/2/160 241/2/157
f 244/2/160 245/2/161 246/2/162
f 246/2/162 238/2/154 244/2/160
f 247/2/163 246/2/162 245/2/161
f 248/2/164 246/2/162 247/2/163
f 243/2/159 249/2/165 248/2/164
f 246/2/162 248/2/164 249/2/165
f 249/2/165 243/2/159 250/2/166
f 250/2/166 246/2/162 249/2/165
f 238/2/154 246/2/162 250/2/166
f 250/2/166 243/2/159 242/2/158
f 238/2/154 250/2/166 239/2/155
f 239/2/155 250/2/166 242/2/158
f 251/2/167 252/2/168 253/2/167
f 254/2/169 251/2/167 253/2/167
f 252/2/168 251/2/167 255/2/170
f 251/2/167 254/2/169 256/2/169
f 257/2/171 252/2/168 255/2/170
f 256/2/169 254/2/169 258/2/172
f 252/2/168 257/2/171 259/2/173
f 258/2/172 260/2/174 256/2/169
f 261/2/175 259/2/173 257/2/171
f 260/2/174 258/2/172 262/2/176
f 259/2/173 261/2/175 263/2/175
f 262/2/176 264/2/177 260/2/174
f 265/2/178 263/2/175 261/2/175
f 266/2/179 264/2/177 262/2/176
f 263/2/175 265/2/178 266/2/179
f 264/2/177 266/2/179 265/2/178
f 267/2/140 268/2/140 269/2/140
f 268/2/140 267/2/140 270/2/140
f 269/2/140 271/2/140 267/2/140
f 271/2/140 270/2/140 267/2/140
f 272/2/140 268/2/140 270/2/140
f 269/2/140 273/2/140 271/2/140
f 274/2/140 271/2/140 273/2/140
f 270/2/140 275/2/140 272/2/140
f 276/2/140 272/2/140 275/2/140
f 270/2/140 276/2/140 275/2/140
f 276/2/140 270/2/140 271/2/140
f 272/2/140 276/2/140 277/2/140
f 278/2/140 277/2/140 276/2/140
f 277/2/140 278/2/140 279/2/140
f 276/2/140 280/2/140 278/2/140
f 280/2/140 279/2/140 278/2/140
f 276/2/140 271/2/140 280/2/140
f 279/2/140 280/2/140 281/2/140
f 280/2/140 274/2/140 281/2/140
f 271/2/140 274/2/140 282/2/140
f 274/2/140 280/2/140 282/2/140
f 280/2/140 271/2/140 282/2/140
f 283/2/141 284/2/142 285/2/141
f 286/2/143 283/2/141 285/2/141
f 284/2/142 283/2/141 287/2/142
f 283/2/141 286/2/143 288/2/143
f 289/2/144 284/2/142 287/2/142
f 288/2/143 286/2/143 290/2/145
f 284/2/142 289/2/144 291/2/144
f 286/2/143 292/2/145 290/2/145
f 289/2/144 293/2/146 291/2/144
f 294/2/180 290/2/145 292/2/145
f 293/2/146 289/2/144 295/2/181
f 290/2/145 294/2/180 296/2/180
f 297/2/148 293/2/146 295/2/181
f 294/2/180 297/2/148 296/2/180
f 293/2/146 297/2/148 298/2/148
f 297/2/148 294/2/180 298/2/148
f 299/2/182 300/2/182 301/2/182
f 300/2/182 299/2/182 302/2/182
f 302/2/182 299/2/182 303/2/182
f 302/2/182 303/2/182 304/2/182
f 303/2/182 305/2/182 304/2/182
f 304/2/182 305/2/182 306/2/182
f 306/2/182 307/2/182 304/2/182
f 307/2/182 306/2/182 308/2/182
f 309/2/183 310/2/184 311/2/185
f 311/2/185 312/2/186 309/2/183
f 313/2/187 311/2/185 310/2/184
f 312/2/186 311/2/185 314/2/188
f 310/2/184 315/2/189 313/2/187
f 314/2/188 316/2/190 312/2/186
f 315/2/189 310/2/184 317/2/191
f 316/2/190 318/2/192 312/2/186
f 315/2/189 317/2/191 319/2/193
f 316/2/190 320/2/194 318/2/192
f 321/2/193 315/2/189 319/2/193
f 321/2/193 319/2/193 320/2/194
f 320/2/194 316/2/190 322/2/194
f 320/2/194 322/2/194 321/2/193
f 323/2/164 324/2/164 325/2/164
f 323/2/164 325/2/164 326/2/164
f 327/2/195 328/2/196 329/2/197
f 327/2/195 329/2/197 330/2/195
f 328/2/196 327/2/195 331/2/198
f 332/2/199 330/2/195 329/2/197
f 328/2/196 331/2/198 333/2/200
f 332/2/199 334/2/201 330/2/195
f 331/2/198 335/2/202 333/2/200
f 332/2/199 336/2/203 334/2/201
f 335/2/202 331/2/198 337/2/198
f 336/2/203 332/2/199 338/2/204
f 335/2/202 337/2/198 339/2/205
f 338/2/204 340/2/161 336/2/203
f 338/2/204 341/2/161 340/2/161
f 341/2/161 338/2/204 342/2/161
f 335/2/202 339/2/205 343/2/206
f 343/2/206 339/2/205 344/2/207
f 343/2/206 344/2/207 345/2/208
f 346/2/156 345/2/208 344/2/207
f 347/2/156 345/2/208 346/2/156
f 345/2/208 347/2/156 348/2/156
f 349/2/209 350/2/210 351/2/151
f 349/2/209 352/2/182 350/2/210
f 352/2/182 349/2/209 353/2/182
f 351/2/151 350/2/210 354/2/151
f 354/2/151 355/2/211 351/2/151
f 355/2/211 354/2/151 356/2/212
f 356/2/212 357/2/140 355/2/211
f 358/2/140 355/2/211 357/2/140
f 359/2/153 360/2/153 361/2/151
f 362/2/151 361/2/151 360/2/153
f 360/2/153 359/2/153 363/2/156
f 361/2/151 362/2/151 364/2/157
f 365/2/156 363/2/156 359/2/153
f 366/2/157 364/2/157 362/2/151
f 363/2/156 365/2/156 367/2/159
f 364/2/157 366/2/157 368/2/161
f 369/2/159 367/2/159 365/2/156
f 370/2/161 368/2/161 366/2/157
f 369/2/159 371/2/164 367/2/159
f 368/2/161 370/2/161 372/2/163
f 371/2/164 369/2/159 373/2/164
f 374/2/163 372/2/163 370/2/161
f 373/2/164 374/2/163 371/2/164
f 374/2/163 373/2/164 372/2/163
f 375/2/151 376/2/151 377/2/151
f 377/2/151 376/2/151 378/2/151
f 379/2/151 380/2/151 381/2/151
f 381/2/151 380/2/151 382/2/151
f 383/2/213 384/2/213 385/2/214
f 385/2/214 384/2/213 386/2/214
f 383/2/213 387/2/215 384/2/213
f 385/2/214 386/2/214 388/2/216
f 387/2/215 383/2/213 389/2/215
f 390/2/216 385/2/214 388/2/216
f 387/2/215 389/2/215 391/2/217
f 390/2/216 388/2/216 392/2/218
f 391/2/217 393/2/217 387/2/215
f 392/2/218 394/2/218 390/2/216
f 391/2/217 395/2/219 393/2/217
f 392/2/218 396/2/220 394/2/218
f 397/2/219 393/2/217 395/2/219
f 398/2/221 394/2/218 396/2/220
f 397/2/219 395/2/219 398/2/221
f 398/2/221 396/2/220 397/2/219
f 399/2/161 400/2/161 401/2/161
f 402/2/161 399/2/161 401/2/161
f 400/2/161 399/2/161 403/2/161
f 402/2/161 404/2/161 399/2/161
f 404/2/161 402/2/161 405/2/161
f 405/2/161 406/2/161 404/2/161
f 403/2/161 407/2/161 400/2/161
f 406/2/161 405/2/161 408/2/161
f 406/2/161 408/2/161 409/2/161
f 403/2/161 410/2/161 407/2/161
f 403/2/161 411/2/161 410/2/161
f 410/2/161 412/2/161 407/2/161
f 410/2/161 411/2/161 413/2/161
f 414/2/161 412/2/161 410/2/161
f 415/2/161 413/2/161 411/2/161
f 416/2/161 412/2/161 414/2/161
f 413/2/161 415/2/161 417/2/161
f 412/2/161 416/2/161 418/2/161
f 416/2/161 408/2/161 418/2/161
f 415/2/161 419/2/161 417/2/161
f 408/2/161 416/2/161 420/2/161
f 420/2/161 409/2/161 408/2/161
f 419/2/161 415/2/161 421/2/161
f 420/2/161 421/2/161 409/2/161
f 421/2/161 420/2/161 419/2/161
f 422/2/156 423/2/156 424/2/156
f 424/2/156 423/2/156 425/2/156
f 422/2/156 426/2/156 423/2/156
f 424/2/156 425/2/156 427/2/156
f 426/2/156 422/2/156 428/2/156
f 427/2/156 429/2/156 424/2/156
f 428/2/156 430/2/156 426/2/156
f 429/2/156 427/2/156 431/2/156
f 428/2/156 432/2/156 430/2/156
f 432/2/156 433/2/156 430/2/156
f 434/2/156 429/2/156 431/2/156
f 434/2/156 435/2/156 429/2/156
f 436/2/156 434/2/156 431/2/156
f 437/2/156 435/2/156 434/2/156
f 434/2/156 436/2/156 438/2/156
f 435/2/156 437/2/156 439/2/156
f 440/2/156 438/2/156 436/2/156
f 436/2/156 433/2/156 440/2/156
f 437/2/156 441/2/156 439/2/156
f 433/2/156 442/2/156 440/2/156
f 442/2/156 433/2/156 432/2/156
f 443/2/156 439/2/156 441/2/156
f 444/2/156 442/2/156 432/2/156
f 439/2/156 443/2/156 444/2/156
f 442/2/156 444/2/156 443/2/156
f 445/2/151 446/2/151 447/2/151
f 446/2/151 445/2/151 448/2/151
f 449/2/222 450/2/223 451/2/224
f 450/2/223 449/2/222 452/2/225
f 453/2/226 451/2/224 450/2/223
f 454/2/227 452/2/225 449/2/222
f 451/2/224 453/2/226 455/2/228
f 452/2/225 454/2/227 456/2/229
f 457/2/230 455/2/228 453/2/226
f 458/2/231 456/2/229 454/2/227
f 457/2/230 453/2/226 459/2/232
f 456/2/229 458/2/231 460/2/233
f 461/2/234 457/2/230 459/2/232
f 458/2/231 461/2/234 460/2/233
f 457/2/230 461/2/234 462/2/235
f 458/2/231 462/2/235 461/2/234
f 463/2/236 464/2/237 465/2/238
f 464/2/237 466/2/239 465/2/238
f 463/2/236 465/2/238 467/2/240
f 466/2/239 464/2/237 468/2/241
f 469/2/242 463/2/236 467/2/240
f 470/2/243 466/2/239 468/2/241
f 463/2/236 469/2/242 471/2/244
f 470/2/243 468/2/241 472/2/245
f 469/2/242 473/2/246 471/2/244
f 474/2/247 470/2/243 472/2/245
f 469/2/242 475/2/248 473/2/246
f 474/2/247 473/2/246 475/2/248
f 473/2/246 474/2/247 476/2/249
f 474/2/247 472/2/245 476/2/249
f 477/2/156 478/2/156 479/2/156
f 479/2/156 478/2/156 480/2/156
f 477/2/156 481/2/156 478/2/156
f 479/2/156 482/2/156 477/2/156
f 481/2/156 477/2/156 483/2/156
f 482/2/156 479/2/156 484/2/156
f 485/2/156 481/2/156 483/2/156
f 482/2/156 484/2/156 486/2/156
f 483/2/156 487/2/156 485/2/156
f 488/2/156 486/2/156 484/2/156
f 489/2/156 486/2/156 488/2/156
f 487/2/156 490/2/156 485/2/156
f 491/2/156 490/2/156 487/2/156
f 489/2/156 492/2/156 491/2/156
f 490/2/156 491/2/156 492/2/156
f 488/2/156 493/2/156 489/2/156
f 492/2/156 489/2/156 493/2/156
f 488/2/156 494/2/156 493/2/156
f 490/2/156 492/2/156 495/2/156
f 494/2/156 496/2/156 493/2/156
f 497/2/156 490/2/156 495/2/156
f 496/2/156 494/2/156 498/2/156
f 497/2/156 495/2/156 499/2/156
f 498/2/156 500/2/156 496/2/156
f 501/2/156 497/2/156 499/2/156
f 498/2/156 502/2/156 500/2/156
f 502/2/156 501/2/156 500/2/156
f 497/2/156 501/2/156 503/2/156
f 501/2/156 502/2/156 503/2/156
f 504/2/161 505/2/161 506/2/161
f 505/2/161 507/2/161 506/2/161
f 507/2/161 505/2/161 508/2/161
f 509/2/161 507/2/161 508/2/161
f 505/2/161 504/2/161 510/2/161
f 508/2/161 511/2/161 509/2/161
f 506/2/161 512/2/161 504/2/161
f 510/2/161 504/2/161 513/2/161
f 513/2/161 514/2/161 510/2/161
f 514/2/161 513/2/161 515/2/161
f 514/2/161 515/2/161 516/2/161
f 517/2/161 516/2/161 515/2/161
f 516/2/161 517/2/161 518/2/161
f 519/2/161 518/2/161 517/2/161
f 519/2/161 517/2/161 520/2/161
f 521/2/161 519/2/161 520/2/161
f 519/2/161 521/2/161 522/2/161
f 522/2/161 521/2/161 512/2/161
f 523/2/161 512/2/161 506/2/161
f 512/2/161 523/2/161 522/2/161
f 524/2/161 522/2/161 523/2/161
f 525/2/161 524/2/161 523/2/161
f 524/2/161 525/2/161 526/2/161
f 527/2/161 526/2/161 525/2/161
f 526/2/161 527/2/161 528/2/161
f 527/2/161 511/2/161 528/2/161
f 528/2/161 511/2/161 529/2/161
f 511/2/161 527/2/161 509/2/161
f 530/2/250 531/2/251 532/2/252
f 530/2/250 532/2/252 533/2/253
f 531/2/251 534/2/254 532/2/252
f 535/2/255 530/2/250 533/2/253
f 534/2/254 531/2/251 536/2/256
f 530/2/250 535/2/255 537/2/257
f 538/2/258 534/2/254 536/2/256
f 539/2/259 537/2/257 535/2/255
f 534/2/254 538/2/258 540/2/260
f 537/2/257 539/2/259 541/2/261
f 542/2/262 540/2/260 538/2/258
f 539/2/259 543/2/263 541/2/261
f 540/2/260 542/2/262 544/2/264
f 539/2/259 545/2/265 543/2/263
f 542/2/262 543/2/263 545/2/265
f 542/2/262 545/2/265 544/2/264
f 546/2/266 547/2/267 548/2/268
f 549/2/269 548/2/268 547/2/267
f 547/2/267 546/2/266 550/2/270
f 549/2/269 547/2/267 551/2/271
f 552/2/272 550/2/270 546/2/266
f 551/2/271 553/2/273 549/2/269
f 550/2/270 552/2/272 554/2/274
f 553/2/273 551/2/271 555/2/275
f 552/2/272 556/2/276 554/2/274
f 557/2/277 553/2/273 555/2/275
f 552/2/272 558/2/278 556/2/276
f 553/2/273 557/2/277 559/2/279
f 558/2/278 560/2/280 556/2/276
f 560/2/280 559/2/279 557/2/277
f 560/2/280 558/2/278 561/2/281
f 559/2/279 560/2/280 561/2/281
f 562/2/282 563/2/283 564/2/284
f 564/2/284 565/2/285 562/2/282
f 566/2/286 564/2/284 563/2/283
f 565/2/285 564/2/284 567/2/287
f 563/2/283 568/2/288 566/2/286
f 569/2/289 565/2/285 567/2/287
f 568/2/288 563/2/283 570/2/290
f 565/2/285 569/2/289 571/2/291
f 572/2/292 568/2/288 570/2/290
f 573/2/293 571/2/291 569/2/289
f 568/2/288 572/2/292 574/2/294
f 571/2/291 573/2/293 575/2/295
f 572/2/292 576/2/296 574/2/294
f 576/2/296 575/2/295 573/2/293
f 576/2/296 572/2/292 577/2/297
f 575/2/295 576/2/296 577/2/297
f 578/2/298 579/2/299 580/2/300
f 578/2/298 580/2/300 581/2/301
f 579/2/299 578/2/298 582/2/302
f 583/2/303 578/2/298 581/2/301
f 582/2/302 584/2/304 579/2/299
f 581/2/301 585/2/305 583/2/303
f 584/2/304 582/2/302 586/2/306
f 585/2/305 581/2/301 587/2/307
f 586/2/306 588/2/308 584/2/304
f 589/2/309 585/2/305 587/2/307
f 588/2/308 586/2/306 590/2/310
f 591/2/311 585/2/305 589/2/309
f 590/2/310 592/2/312 588/2/308
f 589/2/309 592/2/312 591/2/311
f 588/2/308 592/2/312 593/2/313
f 592/2/312 589/2/309 593/2/313
f 594/2/314 595/2/315 596/2/316
f 595/2/315 597/2/317 596/2/316
f 595/2/315 594/2/314 598/2/318
f 595/2/315 599/2/319 597/2/317
f 600/2/320 598/2/318 594/2/314
f 601/2/321 597/2/317 599/2/319
f 598/2/318 600/2/320 602/2/322
f 601/2/321 599/2/319 603/2/323
f 604/2/324 602/2/322 600/2/320
f 603/2/323 605/2/325 601/2/321
f 604/2/324 600/2/320 605/2/325
f 603/2/323 604/2/324 605/2/325
f 606/2/326 607/2/327 608/2/328
f 608/2/328 607/2/327 609/2/329
f 607/2/327 606/2/326 610/2/330
f 611/2/331 608/2/328 609/2/329
f 612/2/332 610/2/330 606/2/326
f 608/2/328 611/2/331 613/2/333
f 606/2/326 614/2/334 612/2/332
f 615/2/335 613/2/333 611/2/331
f 616/2/336 612/2/332 614/2/334
f 613/2/333 615/2/335 617/2/337
f 612/2/332 616/2/336 618/2/338
f 618/2/338 617/2/337 615/2/335
f 617/2/337 618/2/338 616/2/336
f 619/2/339 620/2/340 621/2/341
f 620/2/340 619/2/339 622/2/342
f 621/2/341 623/2/343 619/2/339
f 622/2/342 624/2/340 620/2/340
f 623/2/343 621/2/341 625/2/344
f 620/2/340 624/2/340 626/2/342
f 625/2/344 627/2/345 623/2/343
f 624/2/340 628/2/346 626/2/342
f 627/2/345 625/2/344 629/2/347
f 628/2/346 624/2/340 630/2/348
f 629/2/347 631/2/349 627/2/345
f 630/2/348 632/2/348 628/2/346
f 633/2/350 627/2/345 631/2/349
f 632/2/348 630/2/348 634/2/346
f 631/2/349 635/2/351 633/2/350
f 634/2/346 636/2/352 632/2/348
f 635/2/351 631/2/349 637/2/353
f 632/2/348 636/2/352 638/2/354
f 637/2/353 639/2/351 635/2/351
f 636/2/352 640/2/355 638/2/354
f 639/2/351 641/2/353 635/2/351
f 640/2/355 636/2/352 642/2/356
f 643/2/357 641/2/353 639/2/351
f 642/2/356 644/2/358 640/2/355
f 644/2/358 641/2/353 643/2/357
f 640/2/355 644/2/358 643/2/357
f 645/2/359 646/2/360 647/2/361
f 647/2/361 648/2/362 645/2/359
f 647/2/361 646/2/360 649/2/363
f 648/2/362 647/2/361 650/2/359
f 649/2/363 646/2/360 651/2/364
f 652/2/365 648/2/362 650/2/359
f 653/2/366 649/2/363 651/2/364
f 648/2/362 652/2/365 654/2/367
f 651/2/364 655/2/368 653/2/366
f 652/2/365 656/2/367 654/2/367
f 653/2/366 655/2/368 657/2/369
f 656/2/367 658/2/370 654/2/367
f 655/2/368 659/2/371 657/2/369
f 656/2/367 660/2/372 658/2/370
f 659/2/371 655/2/368 661/2/373
f 660/2/372 656/2/367 662/2/374
f 661/2/373 663/2/375 659/2/371
f 664/2/376 660/2/372 662/2/374
f 665/2/377 659/2/371 663/2/375
f 666/2/378 660/2/372 664/2/376
f 663/2/375 667/2/375 665/2/377
f 664/2/376 668/2/379 666/2/378
f 667/2/375 663/2/375 669/2/377
f 668/2/379 664/2/376 670/2/380
f 669/2/377 670/2/380 667/2/375
f 670/2/380 669/2/377 668/2/379
f 671/2/381 672/2/382 673/2/383
f 674/2/384 671/2/381 673/2/383
f 672/2/382 671/2/381 675/2/385
f 676/2/386 671/2/381 674/2/384
f 675/2/385 677/2/387 672/2/382
f 674/2/384 678/2/388 676/2/386
f 672/2/382 677/2/387 679/2/389
f 676/2/386 678/2/388 680/2/390
f 677/2/387 681/2/391 679/2/389
f 682/2/392 680/2/390 678/2/388
f 679/2/389 681/2/391 683/2/393
f 681/2/391 682/2/392 683/2/393
f 684/2/394 680/2/390 682/2/392
f 682/2/392 681/2/391 684/2/394
f 685/2/395 686/2/396 687/2/397
f 686/2/396 685/2/395 688/2/398
f 687/2/397 689/2/399 685/2/395
f 690/2/400 686/2/396 688/2/398
f 689/2/399 687/2/397 691/2/401
f 692/2/402 686/2/396 690/2/400
f 691/2/401 693/2/403 689/2/399
f 690/2/400 694/2/404 692/2/402
f 689/2/399 693/2/403 695/2/405
f 694/2/404 690/2/400 696/2/406
f 693/2/403 697/2/407 695/2/405
f 696/2/406 698/2/408 694/2/404
f 697/2/407 693/2/403 698/2/408
f 698/2/408 696/2/406 697/2/407
f 699/2/409 700/2/410 701/2/411
f 700/2/410 699/2/409 702/2/410
f 699/2/409 701/2/411 703/2/412
f 699/2/409 703/2/412 704/2/412
f 705/2/413 706/2/414 707/2/415
f 708/2/415 707/2/415 706/2/414
f 705/2/413 709/2/416 706/2/414
f 709/2/416 705/2/413 710/2/416
f 711/2/156 712/2/156 713/2/156
f 711/2/156 713/2/156 714/2/156
f 713/2/156 715/2/156 714/2/156
f 715/2/156 713/2/156 716/2/156
f 712/2/156 711/2/156 717/2/156
f 717/2/156 718/2/156 712/2/156
f 719/2/156 718/2/156 717/2/156
f 718/2/156 719/2/156 720/2/156
f 717/2/156 711/2/156 721/2/156
f 722/2/156 721/2/156 711/2/156
f 723/2/156 721/2/156 722/2/156
f 723/2/156 722/2/156 724/2/156
f 725/2/161 726/2/161 727/2/161
f 727/2/161 726/2/161 728/2/161
f 726/2/161 729/2/161 728/2/161
f 730/2/161 728/2/161 729/2/161
f 725/2/161 727/2/161 731/2/161
f 731/2/161 727/2/161 732/2/161
f 731/2/161 733/2/161 725/2/161
f 733/2/161 734/2/161 725/2/161
f 734/2/161 733/2/161 735/2/161
f 731/2/161 732/2/161 736/2/161
f 732/2/161 737/2/161 736/2/161
f 737/2/161 732/2/161 738/2/161
f 739/2/157 740/2/151 741/2/157
f 740/2/151 739/2/157 742/2/151
f 741/2/157 743/2/161 739/2/157
f 742/2/151 744/2/153 740/2/151
f 743/2/161 741/2/157 745/2/161
f 744/2/153 742/2/151 746/2/153
f 745/2/161 747/2/163 743/2/161
f 746/2/153 748/2/156 744/2/153
f 747/2/163 745/2/161 749/2/163
f 748/2/156 746/2/153 750/2/156
f 747/2/163 749/2/163 751/2/164
f 750/2/156 752/2/159 748/2/156
f 753/2/164 751/2/164 749/2/163
f 752/2/159 750/2/156 754/2/159
f 751/2/164 753/2/164 754/2/159
f 752/2/159 754/2/159 753/2/164
f 755/2/417 756/2/418 757/2/418
f 756/2/418 755/2/417 758/2/419
f 757/2/418 759/2/420 755/2/417
f 756/2/418 758/2/419 760/2/421
f 757/2/418 761/2/422 759/2/420
f 760/2/421 758/2/419 762/2/423
f 761/2/422 763/2/424 759/2/420
f 762/2/423 764/2/425 760/2/421
f 763/2/424 761/2/422 765/2/426
f 764/2/425 762/2/423 766/2/425
f 765/2/426 767/2/427 763/2/424
f 768/2/428 764/2/425 766/2/425
f 769/2/429 767/2/427 765/2/426
f 764/2/425 768/2/428 770/2/430
f 769/2/429 771/2/431 767/2/427
f 770/2/430 768/2/428 772/2/432
f 769/2/429 773/2/433 771/2/431
f 772/2/432 768/2/428 774/2/432
f 773/2/433 775/2/431 771/2/431
f 772/2/432 774/2/432 776/2/434
f 775/2/431 773/2/433 777/2/431
f 776/2/434 774/2/432 778/2/434
f 777/2/431 779/2/435 775/2/431
f 779/2/435 776/2/434 778/2/434
f 777/2/431 780/2/436 779/2/435
f 776/2/434 779/2/435 780/2/436
f 781/2/437 782/2/438 783/2/439
f 782/2/438 781/2/437 784/2/440
f 783/2/439 785/2/441 781/2/437
f 786/2/442 782/2/438 784/2/440
f 787/2/443 785/2/441 783/2/439
f 782/2/438 786/2/442 788/2/444
f 789/2/445 785/2/441 787/2/443
f 790/2/446 788/2/444 786/2/442
f 785/2/441 789/2/445 791/2/445
f 790/2/446 786/2/442 792/2/447
f 789/2/445 792/2/447 791/2/445
f 790/2/446 792/2/447 789/2/445
f 793/2/448 794/2/448 795/2/449
f 794/2/448 793/2/448 796/2/448
f 796/2/448 793/2/448 797/2/450
f 798/2/448 795/2/449 794/2/448
f 799/2/140 800/2/140 795/2/449
f 795/2/449 801/2/449 799/2/140
f 801/2/449 795/2/449 798/2/448
f 798/2/448 802/2/448 801/2/449
f 803/2/448 802/2/448 798/2/448
f 802/2/448 803/2/448 804/2/450
f 805/2/182 806/2/451 807/2/452
f 806/2/451 805/2/182 808/2/182
f 807/2/452 806/2/451 809/2/151
f 809/2/151 806/2/451 810/2/151
f 809/2/151 810/2/151 811/2/453
f 811/2/453 810/2/151 812/2/212
f 811/2/453 812/2/212 813/2/140
f 814/2/140 811/2/453 813/2/140
f 815/2/454 816/2/455 817/2/455
f 818/2/456 817/2/455 816/2/455
f 817/2/455 819/2/454 815/2/454
f 817/2/455 818/2/456 820/2/456
f 821/2/457 815/2/454 819/2/454
f 818/2/456 822/2/458 820/2/456
f 815/2/454 821/2/457 823/2/457
f 818/2/456 824/2/458 822/2/458
f 825/2/459 823/2/457 821/2/457
f 826/2/460 822/2/458 824/2/458
f 825/2/459 821/2/457 827/2/459
f 822/2/458 826/2/460 828/2/460
f 829/2/461 825/2/459 827/2/459
f 826/2/460 829/2/461 828/2/460
f 825/2/459 829/2/461 830/2/461
f 826/2/460 830/2/461 829/2/461
f 831/2/182 832/2/182 833/2/182
f 831/2/182 833/2/182 834/2/182
f 835/2/182 836/2/462 837/2/462
f 836/2/462 835/2/182 838/2/182
f 836/2/462 839/2/463 837/2/462
f 840/2/463 837/2/462 839/2/463
f 841/2/157 842/2/151 843/2/151
f 842/2/151 841/2/157 844/2/157
f 845/2/153 843/2/151 842/2/151
f 841/2/157 846/2/161 844/2/157
f 843/2/151 845/2/153 847/2/153
f 846/2/161 841/2/157 848/2/161
f 845/2/153 849/2/156 847/2/153
f 848/2/161 850/2/163 846/2/161
f 849/2/156 845/2/153 851/2/156
f 850/2/163 848/2/161 852/2/163
f 851/2/156 853/2/159 849/2/156
f 850/2/163 852/2/163 854/2/164
f 853/2/159 851/2/156 855/2/159
f 856/2/164 854/2/164 852/2/163
f 853/2/159 855/2/159 856/2/164
f 854/2/164 856/2/164 855/2/159
f 857/2/464 858/2/464 859/2/465
f 859/2/465 858/2/464 860/2/465
f 857/2/464 861/2/466 858/2/464
f 859/2/465 860/2/465 862/2/467
f 861/2/466 857/2/464 863/2/466
f 862/2/467 860/2/465 864/2/468
f 863/2/466 865/2/469 861/2/466
f 862/2/467 864/2/468 866/2/470
f 867/2/469 865/2/469 863/2/466
f 866/2/470 864/2/468 868/2/471
f 867/2/469 869/2/472 865/2/469
f 866/2/470 868/2/471 870/2/472
f 870/2/472 869/2/472 867/2/469
f 870/2/472 868/2/471 869/2/472
o RenderMesh_100857546442643
v 0.163969 0.109342 0.049620
v 0.111933 0.106913 0.048613
v 0.137951 0.096136 0.044149
v 0.101161 0.132943 0.059396
v 0.167453 0.113375 0.051291
v 0.255934 0.132943 0.059396
v 0.245122 0.101423 0.046340
v 0.167453 0.152487 0.051300
v 0.245122 0.164439 0.046350
v 0.163969 0.156520 0.049630
v 0.111933 0.158949 0.048624
v 0.137951 0.169726 0.044160
v -0.050912 0.090805 0.026234
v -0.050912 0.090805 -0.058020
v -0.050912 0.073355 -0.015893
v -0.050912 0.192507 -0.015893
v -0.050912 0.132931 -0.075469
v -0.050912 0.175058 -0.058020
v -0.050912 0.132931 0.043683
v -0.050912 0.175058 0.026234
v -0.040014 0.192677 -0.075638
v -0.050912 0.192507 -0.015893
v -0.040014 0.217424 -0.015893
v -0.050912 0.175058 -0.058020
v -0.050912 0.175058 0.026234
v -0.040014 0.132931 -0.100386
v -0.040014 0.192677 0.043853
v -0.050912 0.132931 -0.075469
v -0.040014 0.132931 0.068600
v -0.050912 0.090805 -0.058020
v -0.050912 0.132931 0.043683
v -0.040014 0.073186 -0.075638
v -0.050912 0.090805 0.026234
v -0.050912 0.073355 -0.015893
v -0.040014 0.073186 0.043853
v -0.040014 0.048438 -0.015893
v 0.386404 0.079097 0.037942
v 0.386404 0.186766 0.037942
v 0.386404 0.132931 0.060241
v 0.386404 0.079097 -0.069727
v 0.386404 0.056798 -0.015893
v 0.386404 0.186766 -0.069727
v 0.386404 0.132931 -0.092026
v 0.386404 0.209065 -0.015893
v 0.381587 0.073713 0.043325
v 0.381587 0.049184 -0.015893
v 0.386404 0.056798 -0.015893
v 0.381587 0.073713 -0.075111
v 0.386404 0.079097 0.037942
v 0.386404 0.079097 -0.069727
v 0.381587 0.132931 0.067854
v 0.386404 0.132931 -0.092026
v 0.386404 0.132931 0.060241
v 0.381587 0.132931 -0.099640
v 0.386404 0.186766 0.037942
v 0.381587 0.192149 -0.075111
v 0.381587 0.192149 0.043325
v 0.386404 0.186766 -0.069727
v 0.381587 0.216678 -0.015893
v 0.386404 0.209065 -0.015893
v 0.277270 0.201937 -0.015893
v 0.271840 0.186766 -0.069727
v 0.271840 0.209065 -0.015893
v 0.277270 0.181726 -0.064688
v 0.277270 0.181726 0.032902
v 0.271840 0.132931 -0.092026
v 0.271840 0.186766 0.037942
v 0.277270 0.132931 -0.084899
v 0.271840 0.132931 0.060241
v 0.277270 0.084136 -0.064688
v 0.277270 0.132931 0.053113
v 0.271840 0.079097 -0.069727
v 0.271840 0.079097 0.037942
v 0.271840 0.056798 -0.015893
v 0.277270 0.084136 0.032902
v 0.277270 0.063925 -0.015893
v 0.271840 0.079097 -0.069727
v 0.069563 0.132931 -0.092026
v 0.271840 0.132931 -0.092026
v 0.069563 0.186766 -0.069727
v 0.069563 0.079097 -0.069727
v 0.271840 0.186766 -0.069727
v 0.271840 0.056798 -0.015893
v 0.069563 0.209065 -0.015893
v 0.069563 0.056798 -0.015893
v 0.271840 0.209065 -0.015893
v 0.271840 0.079097 0.037942
v 0.069563 0.186766 0.037942
v 0.069563 0.079097 0.037942
v 0.271840 0.186766 0.037942
v 0.137381 0.096124 0.044994
v 0.111363 0.106900 0.049458
v 0.069563 0.132931 0.060241
v 0.100591 0.132931 0.060241
v 0.111363 0.158937 0.049469
v 0.137381 0.169714 0.045005
v 0.244550 0.101411 0.047184
v 0.163399 0.109330 0.050465
v 0.166883 0.113363 0.052135
v 0.271840 0.132931 0.060241
v 0.255364 0.132931 0.060241
v 0.244550 0.164427 0.047195
v 0.163399 0.156508 0.050475
v 0.166883 0.152475 0.052145
v 0.381587 0.132931 0.067854
v 0.365645 0.192149 0.043325
v 0.365645 0.132931 0.067854
v 0.381587 0.192149 0.043325
v 0.381587 0.073713 0.043325
v 0.365645 0.216678 -0.015893
v 0.365645 0.073713 0.043325
v 0.381587 0.216678 -0.015893
v 0.381587 0.049184 -0.015893
v 0.365645 0.192149 -0.075111
v 0.365645 0.049184 -0.015893
v 0.381587 0.192149 -0.075111
v 0.381587 0.073713 -0.075111
v 0.365645 0.132931 -0.099640
v 0.365645 0.073713 -0.075111
v 0.381587 0.132931 -0.099640
v 0.360828 0.056798 -0.015893
v 0.282701 0.056798 -0.015893
v 0.360828 0.079097 -0.069727
v 0.282701 0.079097 -0.069727
v 0.282701 0.079097 0.037942
v 0.360828 0.132931 -0.092026
v 0.360828 0.079097 0.037942
v 0.282701 0.132931 -0.092026
v 0.282701 0.132931 0.060241
v 0.360828 0.186766 -0.069727
v 0.360828 0.132931 0.060241
v 0.282701 0.186766 -0.069727
v 0.282701 0.186766 0.037942
v 0.360828 0.209065 -0.015893
v 0.360828 0.186766 0.037942
v 0.282701 0.209065 -0.015893
v -0.040014 0.132931 -0.100386
v 0.055033 0.132931 -0.100386
v -0.040014 0.073186 -0.075638
v 0.055033 0.073186 -0.075638
v 0.055033 0.192677 -0.075638
v -0.040014 0.048438 -0.015893
v -0.040014 0.192677 -0.075638
v 0.055033 0.048438 -0.015893
v 0.055033 0.217424 -0.015893
v -0.040014 0.073186 0.043853
v -0.040014 0.217424 -0.015893
v 0.055033 0.073186 0.043853
v 0.055033 0.192677 0.043853
v -0.040014 0.132931 0.068600
v -0.040014 0.192677 0.043853
v 0.055033 0.132931 0.068600
v 0.282701 0.056798 -0.015893
v 0.277270 0.084136 -0.064688
v 0.282701 0.079097 -0.069727
v 0.282701 0.132931 -0.092026
v 0.277270 0.063925 -0.015893
v 0.277270 0.132931 -0.084899
v 0.277270 0.084136 0.032902
v 0.277270 0.181726 -0.064688
v 0.282701 0.079097 0.037942
v 0.282701 0.186766 -0.069727
v 0.277270 0.132931 0.053113
v 0.277270 0.201937 -0.015893
v 0.282701 0.132931 0.060241
v 0.282701 0.209065 -0.015893
v 0.277270 0.181726 0.032902
v 0.282701 0.186766 0.037942
v 0.055033 0.132931 0.068600
v 0.069563 0.186766 0.037942
v 0.055033 0.192677 0.043853
v 0.055033 0.217424 -0.015893
v 0.069563 0.132931 0.060241
v 0.069563 0.209065 -0.015893
v 0.069563 0.079097 0.037942
v 0.069563 0.186766 -0.069727
v 0.055033 0.073186 0.043853
v 0.055033 0.192677 -0.075638
v 0.055033 0.048438 -0.015893
v 0.055033 0.132931 -0.100386
v 0.069563 0.056798 -0.015893
v 0.069563 0.132931 -0.092026
v 0.069563 0.079097 -0.069727
v 0.055033 0.073186 -0.075638
v 0.365645 0.132931 0.067854
v 0.365645 0.192149 0.043325
v 0.360828 0.186766 0.037942
v 0.365645 0.216678 -0.015893
v 0.360828 0.132931 0.060241
v 0.360828 0.209065 -0.015893
v 0.360828 0.079097 0.037942
v 0.360828 0.186766 -0.069727
v 0.365645 0.073713 0.043325
v 0.365645 0.192149 -0.075111
v 0.360828 0.056798 -0.015893
v 0.360828 0.132931 -0.092026
v 0.365645 0.049184 -0.015893
v 0.365645 0.132931 -0.099640
v 0.365645 0.073713 -0.075111
v 0.360828 0.079097 -0.069727
vn -0.0000 -0.3827 0.9239
vn -0.0000 -0.0001 1.0000
vn -0.0000 -0.3828 0.9238
vn -0.0000 -0.0000 1.0000
vn -0.0000 0.3827 0.9239
vn -0.0000 0.3826 0.9239
vn -1.0000 -0.0000 -0.0000
vn -0.9162 0.2833 -0.2833
vn -0.9162 0.4007 -0.0001
vn -0.9162 0.2834 0.2833
vn -0.9162 0.4007 0.0001
vn -0.9162 -0.0000 -0.4007
vn -0.9162 0.2833 -0.2834
vn -0.9162 0.2833 0.2833
vn -0.9162 0.0001 -0.4007
vn -0.9162 0.0001 0.4007
vn -0.9162 0.2833 0.2834
vn -0.9162 -0.2833 -0.2834
vn -0.9162 -0.0001 -0.4007
vn -0.9162 -0.2833 0.2834
vn -0.9162 -0.0001 0.4007
vn -0.9162 -0.2833 -0.2833
vn -0.9162 -0.4007 -0.0001
vn -0.9162 -0.2833 0.2833
vn -0.9162 -0.4007 0.0001
vn 1.0000 -0.0000 -0.0000
vn 0.8450 -0.3781 0.3780
vn 0.8451 -0.5347 0.0001
vn 0.8450 -0.3781 -0.3781
vn 0.8451 -0.5347 -0.0001
vn 0.8450 -0.5347 -0.0001
vn 0.8450 -0.3781 0.3781
vn 0.8450 -0.3781 -0.3780
vn 0.8451 -0.3781 0.3781
vn 0.8451 -0.0000 0.5347
vn 0.8451 -0.3780 -0.3781
vn 0.8451 -0.0001 -0.5347
vn 0.8450 -0.3780 -0.3781
vn 0.8450 0.3781 0.3781
vn 0.8450 0.3781 -0.3781
vn 0.8451 0.0001 -0.5347
vn 0.8450 0.0001 -0.5347
vn 0.8450 0.3780 -0.3781
vn 0.8451 0.3780 -0.3781
vn 0.8450 0.5347 -0.0000
vn 0.8451 0.3781 0.3781
vn 0.8451 0.5347 -0.0000
vn 0.8451 0.3781 -0.3781
vn 0.7954 0.6061 -0.0001
vn 0.7954 0.4285 -0.4286
vn 0.7954 0.6061 -0.0000
vn 0.7954 0.4285 0.4286
vn 0.7954 -0.0000 -0.6061
vn 0.7954 0.4285 -0.4287
vn 0.7954 0.6061 0.0001
vn 0.7954 0.0001 -0.6061
vn 0.7954 0.0001 0.6061
vn 0.7954 -0.4285 -0.4286
vn 0.7954 -0.0001 -0.6061
vn 0.7954 -0.0000 0.6061
vn 0.7954 -0.4285 0.4286
vn 0.7954 -0.0001 0.6061
vn 0.7954 -0.6061 -0.0000
vn 0.7954 -0.4286 -0.4285
vn 0.7954 -0.4285 0.4285
vn 0.7954 -0.4286 0.4285
vn 0.7954 -0.6061 0.0001
vn 0.7954 -0.6061 -0.0001
vn -0.0000 -0.7071 -0.7071
vn -0.0000 -0.0000 -1.0000
vn -0.0000 0.7071 -0.7071
vn -0.0000 -1.0000 -0.0000
vn -0.0000 1.0000 -0.0000
vn -0.0000 -0.7071 0.7071
vn -0.0000 0.7071 0.7071
vn -0.0000 -0.3826 0.9239
vn 0.0002 -0.0000 1.0000
vn 0.0002 -0.0000 -1.0000
vn -0.7954 -0.6061 -0.0001
vn -0.7954 -0.4285 -0.4286
vn -0.7954 -0.0000 -0.6061
vn -0.7954 -0.6061 -0.0000
vn -0.7954 -0.4285 0.4286
vn -0.7954 0.4285 -0.4286
vn -0.7954 -0.6061 0.0001
vn -0.7954 0.0001 -0.6061
vn -0.7955 0.4285 -0.4286
vn -0.7954 -0.0000 0.6061
vn -0.7954 0.6060 -0.0000
vn -0.7954 0.4286 -0.4285
vn -0.7954 -0.4285 0.4287
vn -0.7954 0.4285 -0.4285
vn -0.7954 0.4285 0.4285
vn -0.7955 0.4285 0.4285
vn -0.7954 0.4285 0.4286
vn -0.7954 0.4286 0.4285
vn 0.4987 -0.0000 0.8668
vn 0.4987 0.6129 0.6129
vn 0.4987 0.8668 -0.0000
vn 0.4987 -0.6129 0.6129
vn 0.4987 0.6129 -0.6129
vn 0.4987 -0.8668 -0.0000
vn 0.4987 -0.0000 -0.8668
vn 0.4987 -0.8668 0.0001
vn 0.4987 -0.6129 -0.6129
vn 0.4987 -0.6128 -0.6129
vn -0.8451 -0.0000 0.5346
vn -0.8451 0.3780 0.3780
vn -0.8451 0.5346 -0.0000
vn -0.8450 -0.3781 0.3781
vn -0.8451 0.3780 -0.3780
vn -0.8451 -0.3781 0.3781
vn -0.8451 -0.5347 0.0001
vn -0.8451 0.0001 -0.5346
vn -0.8451 0.3780 -0.3781
vn -0.8450 -0.5347 0.0001
vn -0.8450 -0.3781 -0.3780
vn -0.8451 -0.5347 -0.0001
vn -0.8450 -0.3781 -0.3781
vn -0.8451 -0.0001 -0.5346
vn -0.8451 -0.3781 -0.3780
vn -0.8450 -0.3780 -0.3781
vt 0.000000 0.000000
s 0
f 871/3/473 872/3/473 873/3/473
f 872/3/473 871/3/473 874/3/474
f 874/3/474 871/3/475 875/3/475
f 876/3/476 874/3/474 875/3/473
f 875/3/473 877/3/473 876/3/476
f 874/3/474 876/3/476 878/3/477
f 876/3/476 879/3/477 878/3/477
f 880/3/478 874/3/476 878/3/478
f 874/3/474 880/3/477 881/3/477
f 881/3/477 880/3/477 882/3/477
f 883/3/479 884/3/479 885/3/479
f 886/3/479 884/3/479 883/3/479
f 884/3/479 886/3/479 887/3/479
f 887/3/479 886/3/479 888/3/479
f 886/3/479 883/3/479 889/3/479
f 886/3/479 889/3/479 890/3/479
f 891/3/480 892/3/481 893/3/481
f 892/3/481 891/3/480 894/3/480
f 895/3/482 893/3/483 892/3/483
f 896/3/484 894/3/480 891/3/485
f 893/3/483 895/3/482 897/3/486
f 894/3/485 896/3/487 898/3/487
f 895/3/486 899/3/488 897/3/489
f 900/3/490 898/3/491 896/3/491
f 899/3/488 895/3/489 901/3/488
f 896/3/484 902/3/490 900/3/490
f 903/3/492 899/3/493 901/3/493
f 902/3/494 904/3/495 900/3/494
f 899/3/493 903/3/492 905/3/496
f 904/3/497 905/3/496 903/3/496
f 904/3/495 902/3/494 906/3/495
f 905/3/496 904/3/497 906/3/497
f 907/3/498 908/3/498 909/3/498
f 908/3/498 907/3/498 910/3/498
f 910/3/498 907/3/498 911/3/498
f 908/3/498 910/3/498 912/3/498
f 912/3/498 910/3/498 913/3/498
f 908/3/498 912/3/498 914/3/498
f 915/3/499 916/3/500 917/3/500
f 918/3/501 917/3/502 916/3/503
f 915/3/504 917/3/500 919/3/504
f 917/3/502 918/3/505 920/3/501
f 919/3/506 921/3/507 915/3/506
f 918/3/508 922/3/509 920/3/508
f 921/3/507 919/3/504 923/3/507
f 922/3/509 918/3/510 924/3/509
f 925/3/511 921/3/507 923/3/507
f 926/3/512 922/3/513 924/3/514
f 921/3/507 925/3/511 927/3/511
f 922/3/513 926/3/515 928/3/516
f 929/3/517 927/3/518 925/3/511
f 929/3/519 928/3/520 926/3/512
f 929/3/519 925/3/511 930/3/519
f 928/3/512 929/3/519 930/3/519
f 931/3/521 932/3/522 933/3/521
f 932/3/522 931/3/521 934/3/522
f 933/3/523 935/3/524 931/3/523
f 936/3/525 932/3/522 934/3/526
f 933/3/527 937/3/524 935/3/524
f 934/3/526 938/3/528 936/3/528
f 939/3/529 935/3/524 937/3/524
f 940/3/530 936/3/531 938/3/531
f 935/3/524 939/3/532 941/3/532
f 936/3/525 940/3/530 942/3/530
f 943/3/533 941/3/534 939/3/534
f 944/3/535 942/3/536 940/3/536
f 941/3/534 943/3/537 945/3/537
f 944/3/535 945/3/537 943/3/537
f 945/3/538 944/3/539 946/3/539
f 944/3/540 940/3/536 946/3/540
f 947/3/541 948/3/542 949/3/542
f 950/3/543 949/3/542 948/3/542
f 948/3/542 947/3/541 951/3/541
f 950/3/543 952/3/543 949/3/542
f 953/3/544 951/3/541 947/3/541
f 954/3/545 952/3/543 950/3/543
f 953/3/544 955/3/544 951/3/541
f 952/3/543 954/3/545 956/3/545
f 957/3/546 955/3/544 953/3/544
f 958/3/547 956/3/545 954/3/545
f 957/3/546 959/3/546 955/3/544
f 956/3/545 958/3/547 960/3/547
f 959/3/546 957/3/546 961/3/548
f 959/3/546 961/3/473 962/3/473
f 963/3/476 959/3/546 962/3/473
f 962/3/473 964/3/476 963/3/476
f 965/3/477 963/3/476 964/3/476
f 963/3/476 965/3/477 958/3/547
f 965/3/477 966/3/477 958/3/547
f 960/3/547 958/3/547 966/3/477
f 967/3/473 961/3/473 957/3/546
f 961/3/473 967/3/473 968/3/473
f 968/3/548 967/3/548 969/3/548
f 970/3/476 967/3/473 957/3/546
f 967/3/473 970/3/476 971/3/476
f 970/3/476 972/3/477 971/3/476
f 970/3/476 960/3/547 972/3/477
f 966/3/477 972/3/477 960/3/547
f 972/3/477 966/3/477 973/3/477
f 972/3/478 973/3/478 974/3/478
f 975/3/476 976/3/547 977/3/476
f 976/3/547 975/3/476 978/3/547
f 977/3/476 979/3/546 975/3/476
f 978/3/547 980/3/545 976/3/547
f 979/3/546 977/3/549 981/3/546
f 980/3/545 978/3/547 982/3/545
f 983/3/544 979/3/546 981/3/546
f 982/3/545 984/3/543 980/3/545
f 981/3/546 985/3/544 983/3/544
f 984/3/543 982/3/545 986/3/543
f 987/3/541 983/3/544 985/3/544
f 986/3/543 988/3/550 984/3/543
f 985/3/544 989/3/541 987/3/541
f 988/3/542 986/3/543 990/3/542
f 989/3/541 990/3/542 987/3/541
f 990/3/542 989/3/541 988/3/542
f 991/3/544 992/3/544 993/3/541
f 992/3/544 994/3/541 993/3/541
f 995/3/546 992/3/544 991/3/544
f 994/3/541 996/3/542 993/3/541
f 997/3/546 995/3/546 991/3/544
f 996/3/542 994/3/541 998/3/542
f 997/3/546 999/3/476 995/3/546
f 998/3/542 1000/3/543 996/3/542
f 999/3/476 997/3/546 1001/3/476
f 1000/3/543 998/3/542 1002/3/543
f 1001/3/476 1003/3/547 999/3/476
f 1002/3/543 1004/3/545 1000/3/543
f 1003/3/547 1001/3/476 1005/3/547
f 1004/3/545 1002/3/543 1006/3/545
f 1005/3/547 1006/3/545 1003/3/547
f 1006/3/545 1005/3/547 1004/3/545
f 1007/3/542 1008/3/542 1009/3/541
f 1008/3/542 1010/3/541 1009/3/541
f 1011/3/543 1008/3/542 1007/3/542
f 1010/3/541 1012/3/544 1009/3/541
f 1013/3/543 1011/3/543 1007/3/542
f 1012/3/544 1010/3/541 1014/3/544
f 1015/3/545 1011/3/543 1013/3/543
f 1014/3/544 1016/3/546 1012/3/544
f 1017/3/545 1015/3/545 1013/3/543
f 1016/3/546 1014/3/544 1018/3/546
f 1019/3/547 1015/3/545 1017/3/545
f 1016/3/546 1018/3/546 1020/3/476
f 1021/3/547 1019/3/547 1017/3/545
f 1018/3/546 1022/3/476 1020/3/476
f 1022/3/476 1019/3/547 1021/3/547
f 1020/3/476 1022/3/476 1021/3/547
f 1023/3/551 1024/3/552 1025/3/552
f 1024/3/552 1026/3/553 1025/3/552
f 1024/3/552 1023/3/554 1027/3/554
f 1026/3/553 1024/3/552 1028/3/553
f 1029/3/555 1027/3/554 1023/3/554
f 1030/3/556 1026/3/553 1028/3/553
f 1023/3/557 1031/3/555 1029/3/555
f 1026/3/558 1030/3/559 1032/3/556
f 1031/3/555 1033/3/560 1029/3/555
f 1034/3/561 1032/3/562 1030/3/562
f 1031/3/563 1035/3/560 1033/3/560
f 1032/3/564 1034/3/561 1036/3/561
f 1035/3/560 1037/3/565 1033/3/560
f 1037/3/566 1036/3/561 1034/3/561
f 1035/3/560 1038/3/567 1037/3/567
f 1036/3/561 1037/3/568 1038/3/568
f 1039/3/569 1040/3/570 1041/3/570
f 1042/3/571 1041/3/570 1040/3/570
f 1040/3/570 1039/3/569 1043/3/569
f 1040/3/570 1044/3/571 1042/3/571
f 1045/3/572 1043/3/569 1039/3/569
f 1046/3/573 1042/3/571 1044/3/571
f 1039/3/569 1047/3/572 1045/3/572
f 1042/3/571 1046/3/573 1048/3/573
f 1049/3/574 1045/3/572 1047/3/572
f 1050/3/575 1048/3/573 1046/3/573
f 1045/3/572 1049/3/576 1051/3/576
f 1046/3/573 1052/3/575 1050/3/575
f 1049/3/574 1053/3/577 1051/3/574
f 1053/3/578 1050/3/575 1052/3/575
f 1049/3/574 1054/3/577 1053/3/577
f 1050/3/575 1053/3/577 1054/3/577
f 1055/3/579 1056/3/580 1057/3/580
f 1058/3/581 1057/3/580 1056/3/580
f 1055/3/579 1057/3/580 1059/3/579
f 1057/3/580 1058/3/581 1060/3/581
f 1061/3/582 1055/3/579 1059/3/579
f 1058/3/581 1062/3/583 1060/3/581
f 1055/3/579 1061/3/584 1063/3/582
f 1058/3/581 1064/3/583 1062/3/583
f 1065/3/585 1063/3/582 1061/3/584
f 1066/3/586 1062/3/587 1064/3/583
f 1063/3/582 1065/3/585 1067/3/588
f 1064/3/587 1068/3/586 1066/3/586
f 1069/3/589 1067/3/590 1065/3/590
f 1069/3/591 1066/3/592 1068/3/592
f 1069/3/593 1065/3/590 1070/3/593
f 1066/3/592 1069/3/594 1070/3/591
o RenderMesh_100857546442643.001
v 0.719795 0.127872 0.223077
v 0.717366 0.179908 0.222070
v 0.706589 0.153890 0.217606
v 0.743396 0.190680 0.232853
v 0.723828 0.124388 0.224748
v 0.743396 0.035907 0.232853
v 0.711876 0.046719 0.219797
v 0.762940 0.124388 0.224757
v 0.774892 0.046719 0.219807
v 0.766973 0.127872 0.223087
v 0.769402 0.179908 0.222081
v 0.780179 0.153890 0.217617
v 0.701258 0.342753 0.199691
v 0.701258 0.342753 0.115437
v 0.683808 0.342753 0.157564
v 0.802960 0.342753 0.157564
v 0.743384 0.342753 0.097988
v 0.785511 0.342753 0.115437
v 0.743384 0.342753 0.217140
v 0.785511 0.342753 0.199691
v 0.803130 0.331855 0.097819
v 0.802960 0.342753 0.157564
v 0.827877 0.331855 0.157564
v 0.785511 0.342753 0.115437
v 0.785511 0.342753 0.199691
v 0.743384 0.331855 0.073071
v 0.803130 0.331855 0.217310
v 0.743384 0.342753 0.097988
v 0.743384 0.331855 0.242057
v 0.701258 0.342753 0.115437
v 0.743384 0.342753 0.217140
v 0.683639 0.331855 0.097819
v 0.701258 0.342753 0.199691
v 0.683808 0.342753 0.157564
v 0.683639 0.331855 0.217310
v 0.658891 0.331855 0.157564
v 0.689550 -0.094563 0.211399
v 0.797219 -0.094563 0.211399
v 0.743384 -0.094563 0.233698
v 0.689550 -0.094563 0.103730
v 0.667251 -0.094563 0.157564
v 0.797219 -0.094563 0.103730
v 0.743384 -0.094563 0.081431
v 0.819518 -0.094563 0.157564
v 0.684166 -0.089746 0.216782
v 0.659637 -0.089746 0.157564
v 0.667251 -0.094563 0.157564
v 0.684166 -0.089746 0.098346
v 0.689550 -0.094563 0.211399
v 0.689550 -0.094563 0.103730
v 0.743384 -0.089746 0.241311
v 0.743384 -0.094563 0.081431
v 0.743384 -0.094563 0.233698
v 0.743384 -0.089746 0.073817
v 0.797219 -0.094563 0.211399
v 0.802602 -0.089746 0.098346
v 0.802602 -0.089746 0.216782
v 0.797219 -0.094563 0.103730
v 0.827131 -0.089746 0.157564
v 0.819518 -0.094563 0.157564
v 0.812390 0.014571 0.157564
v 0.797219 0.020001 0.103730
v 0.819518 0.020001 0.157564
v 0.792179 0.014571 0.108769
v 0.792179 0.014571 0.206359
v 0.743384 0.020001 0.081431
v 0.797219 0.020001 0.211399
v 0.743384 0.014571 0.088558
v 0.743384 0.020001 0.233698
v 0.694589 0.014571 0.108769
v 0.743384 0.014571 0.226570
v 0.689550 0.020001 0.103730
v 0.689550 0.020001 0.211399
v 0.667251 0.020001 0.157564
v 0.694589 0.014571 0.206359
v 0.674378 0.014571 0.157564
v 0.689550 0.020001 0.103730
v 0.743384 0.222278 0.081431
v 0.743384 0.020001 0.081431
v 0.797219 0.222278 0.103730
v 0.689550 0.222278 0.103730
v 0.797219 0.020001 0.103730
v 0.667251 0.020001 0.157564
v 0.819518 0.222278 0.157564
v 0.667251 0.222278 0.157564
v 0.819518 0.020001 0.157564
v 0.689550 0.020001 0.211399
v 0.797219 0.222278 0.211399
v 0.689550 0.222278 0.211399
v 0.797219 0.020001 0.211399
v 0.706577 0.154460 0.218451
v 0.717353 0.180478 0.222915
v 0.743384 0.222278 0.233698
v 0.743384 0.191250 0.233698
v 0.769390 0.180478 0.222926
v 0.780167 0.154460 0.218462
v 0.711864 0.047291 0.220641
v 0.719783 0.128442 0.223922
v 0.723816 0.124958 0.225592
v 0.743384 0.020001 0.233698
v 0.743384 0.036477 0.233698
v 0.774880 0.047291 0.220652
v 0.766961 0.128442 0.223932
v 0.762928 0.124958 0.225602
v 0.743384 -0.089746 0.241311
v 0.802602 -0.073804 0.216782
v 0.743384 -0.073804 0.241311
v 0.802602 -0.089746 0.216782
v 0.684166 -0.089746 0.216782
v 0.827131 -0.073804 0.157564
v 0.684166 -0.073804 0.216782
v 0.827131 -0.089746 0.157564
v 0.659637 -0.089746 0.157564
v 0.802602 -0.073804 0.098346
v 0.659637 -0.073804 0.157564
v 0.802602 -0.089746 0.098346
v 0.684166 -0.089746 0.098346
v 0.743384 -0.073804 0.073817
v 0.684166 -0.073804 0.098346
v 0.743384 -0.089746 0.073817
v 0.667251 -0.068987 0.157564
v 0.667251 0.009140 0.157564
v 0.689550 -0.068987 0.103730
v 0.689550 0.009140 0.103730
v 0.689550 0.009140 0.211399
v 0.743384 -0.068987 0.081431
v 0.689550 -0.068987 0.211399
v 0.743384 0.009140 0.081431
v 0.743384 0.009140 0.233698
v 0.797219 -0.068987 0.103730
v 0.743384 -0.068987 0.233698
v 0.797219 0.009140 0.103730
v 0.797219 0.009140 0.211399
v 0.819518 -0.068987 0.157564
v 0.797219 -0.068987 0.211399
v 0.819518 0.009140 0.157564
v 0.743384 0.331855 0.073071
v 0.743384 0.236808 0.073071
v 0.683639 0.331855 0.097819
v 0.683639 0.236808 0.097819
v 0.803130 0.236808 0.097819
v 0.658891 0.331855 0.157564
v 0.803130 0.331855 0.097819
v 0.658891 0.236808 0.157564
v 0.827877 0.236808 0.157564
v 0.683639 0.331855 0.217310
v 0.827877 0.331855 0.157564
v 0.683639 0.236808 0.217310
v 0.803130 0.236808 0.217310
v 0.743384 0.331855 0.242057
v 0.803130 0.331855 0.217310
v 0.743384 0.236808 0.242057
v 0.667251 0.009140 0.157564
v 0.694589 0.014571 0.108769
v 0.689550 0.009140 0.103730
v 0.743384 0.009140 0.081431
v 0.674378 0.014571 0.157564
v 0.743384 0.014571 0.088558
v 0.694589 0.014571 0.206359
v 0.792179 0.014571 0.108769
v 0.689550 0.009140 0.211399
v 0.797219 0.009140 0.103730
v 0.743384 0.014571 0.226570
v 0.812390 0.014571 0.157564
v 0.743384 0.009140 0.233698
v 0.819518 0.009140 0.157564
v 0.792179 0.014571 0.206359
v 0.797219 0.009140 0.211399
v 0.743384 0.236808 0.242057
v 0.797219 0.222278 0.211399
v 0.803130 0.236808 0.217310
v 0.827877 0.236808 0.157564
v 0.743384 0.222278 0.233698
v 0.819518 0.222278 0.157564
v 0.689550 0.222278 0.211399
v 0.797219 0.222278 0.103730
v 0.683639 0.236808 0.217310
v 0.803130 0.236808 0.097819
v 0.658891 0.236808 0.157564
v 0.743384 0.236808 0.073071
v 0.667251 0.222278 0.157564
v 0.743384 0.222278 0.081431
v 0.689550 0.222278 0.103730
v 0.683639 0.236808 0.097819
v 0.743384 -0.073804 0.241311
v 0.802602 -0.073804 0.216782
v 0.797219 -0.068987 0.211399
v 0.827131 -0.073804 0.157564
v 0.743384 -0.068987 0.233698
v 0.819518 -0.068987 0.157564
v 0.689550 -0.068987 0.211399
v 0.797219 -0.068987 0.103730
v 0.684166 -0.073804 0.216782
v 0.802602 -0.073804 0.098346
v 0.667251 -0.068987 0.157564
v 0.743384 -0.068987 0.081431
v 0.659637 -0.073804 0.157564
v 0.743384 -0.073804 0.073817
v 0.684166 -0.073804 0.098346
v 0.689550 -0.068987 0.103730
vn -0.3827 -0.0000 0.9239
vn -0.0001 -0.0000 1.0000
vn -0.3828 -0.0000 0.9238
vn -0.0000 -0.0000 1.0000
vn 0.3827 -0.0000 0.9239
vn 0.3826 -0.0000 0.9239
vn -0.0000 1.0000 -0.0000
vn 0.2833 0.9162 -0.2833
vn 0.4007 0.9162 -0.0001
vn 0.2834 0.9162 0.2833
vn 0.4007 0.9162 0.0001
vn -0.0000 0.9162 -0.4007
vn 0.2833 0.9162 -0.2834
vn 0.2833 0.9162 0.2833
vn 0.0001 0.9162 -0.4007
vn 0.0001 0.9162 0.4007
vn 0.2833 0.9162 0.2834
vn -0.2833 0.9162 -0.2834
vn -0.0001 0.9162 -0.4007
vn -0.2833 0.9162 0.2834
vn -0.0001 0.9162 0.4007
vn -0.2833 0.9162 -0.2833
vn -0.4007 0.9162 -0.0001
vn -0.2833 0.9162 0.2833
vn -0.4007 0.9162 0.0001
vn -0.0000 -1.0000 -0.0000
vn -0.3781 -0.8450 0.3780
vn -0.5347 -0.8451 0.0001
vn -0.3781 -0.8450 -0.3781
vn -0.5347 -0.8451 -0.0001
vn -0.5347 -0.8450 -0.0001
vn -0.3781 -0.8450 0.3781
vn -0.3781 -0.8450 -0.3780
vn -0.3781 -0.8451 0.3781
vn -0.0000 -0.8451 0.5347
vn -0.3780 -0.8451 -0.3781
vn -0.0001 -0.8451 -0.5347
vn -0.3780 -0.8450 -0.3781
vn 0.3781 -0.8450 0.3781
vn 0.3781 -0.8450 -0.3781
vn 0.0001 -0.8451 -0.5347
vn 0.0001 -0.8450 -0.5347
vn 0.3780 -0.8450 -0.3781
vn 0.3780 -0.8451 -0.3781
vn 0.5347 -0.8450 -0.0000
vn 0.3781 -0.8451 0.3781
vn 0.5347 -0.8451 -0.0000
vn 0.3781 -0.8451 -0.3781
vn 0.6061 -0.7954 -0.0001
vn 0.4285 -0.7954 -0.4286
vn 0.6061 -0.7954 -0.0000
vn 0.4285 -0.7954 0.4286
vn -0.0000 -0.7954 -0.6061
vn 0.4285 -0.7954 -0.4287
vn 0.6061 -0.7954 0.0001
vn 0.0001 -0.7954 -0.6061
vn 0.0001 -0.7954 0.6061
vn -0.4285 -0.7954 -0.4286
vn -0.0001 -0.7954 -0.6061
vn -0.0000 -0.7954 0.6061
vn -0.4285 -0.7954 0.4286
vn -0.0001 -0.7954 0.6061
vn -0.6061 -0.7954 -0.0000
vn -0.4286 -0.7954 -0.4285
vn -0.4285 -0.7954 0.4285
vn -0.4286 -0.7954 0.4285
vn -0.6061 -0.7954 0.0001
vn -0.6061 -0.7954 -0.0001
vn -0.7071 -0.0000 -0.7071
vn -0.0000 -0.0000 -1.0000
vn 0.7071 -0.0000 -0.7071
vn -1.0000 -0.0000 -0.0000
vn 1.0000 -0.0000 -0.0000
vn -0.7071 -0.0000 0.7071
vn 0.7071 -0.0000 0.7071
vn -0.3826 -0.0000 0.9239
vn -0.0000 -0.0002 1.0000
vn -0.0000 -0.0002 -1.0000
vn -0.6061 0.7954 -0.0001
vn -0.4285 0.7954 -0.4286
vn -0.0000 0.7954 -0.6061
vn -0.6061 0.7954 -0.0000
vn -0.4285 0.7954 0.4286
vn 0.4285 0.7954 -0.4286
vn -0.6061 0.7954 0.0001
vn 0.0001 0.7954 -0.6061
vn 0.4285 0.7955 -0.4286
vn -0.0000 0.7954 0.6061
vn 0.6060 0.7954 -0.0000
vn 0.4286 0.7954 -0.4285
vn -0.4285 0.7954 0.4287
vn 0.4285 0.7954 -0.4285
vn 0.4285 0.7954 0.4285
vn 0.4285 0.7955 0.4285
vn 0.4285 0.7954 0.4286
vn 0.4286 0.7954 0.4285
vn -0.0000 -0.4987 0.8668
vn 0.6129 -0.4987 0.6129
vn 0.8668 -0.4987 -0.0000
vn -0.6129 -0.4987 0.6129
vn 0.6129 -0.4987 -0.6129
vn -0.8668 -0.4987 -0.0000
vn -0.0000 -0.4987 -0.8668
vn -0.8668 -0.4987 0.0001
vn -0.6129 -0.4987 -0.6129
vn -0.6128 -0.4987 -0.6129
vn -0.0000 0.8451 0.5346
vn 0.3780 0.8451 0.3780
vn 0.5346 0.8451 -0.0000
vn -0.3781 0.8450 0.3781
vn 0.3780 0.8451 -0.3780
vn -0.3781 0.8451 0.3781
vn -0.5347 0.8451 0.0001
vn 0.0001 0.8451 -0.5346
vn 0.3780 0.8451 -0.3781
vn -0.5347 0.8450 0.0001
vn -0.3781 0.8450 -0.3780
vn -0.5347 0.8451 -0.0001
vn -0.3781 0.8450 -0.3781
vn -0.0001 0.8451 -0.5346
vn -0.3781 0.8451 -0.3780
vn -0.3780 0.8450 -0.3781
vt 0.000000 0.000000
s 0
f 1071/4/595 1072/4/595 1073/4/595
f 1072/4/595 1071/4/595 1074/4/596
f 1074/4/596 1071/4/597 1075/4/597
f 1076/4/598 1074/4/596 1075/4/595
f 1075/4/595 1077/4/595 1076/4/598
f 1074/4/596 1076/4/598 1078/4/599
f 1076/4/598 1079/4/599 1078/4/599
f 1080/4/600 1074/4/598 1078/4/600
f 1074/4/596 1080/4/599 1081/4/599
f 1081/4/599 1080/4/599 1082/4/599
f 1083/4/601 1084/4/601 1085/4/601
f 1086/4/601 1084/4/601 1083/4/601
f 1084/4/601 1086/4/601 1087/4/601
f 1087/4/601 1086/4/601 1088/4/601
f 1086/4/601 1083/4/601 1089/4/601
f 1086/4/601 1089/4/601 1090/4/601
f 1091/4/602 1092/4/603 1093/4/603
f 1092/4/603 1091/4/602 1094/4/602
f 1095/4/604 1093/4/605 1092/4/605
f 1096/4/606 1094/4/602 1091/4/607
f 1093/4/605 1095/4/604 1097/4/608
f 1094/4/607 1096/4/609 1098/4/609
f 1095/4/608 1099/4/610 1097/4/611
f 1100/4/612 1098/4/613 1096/4/613
f 1099/4/610 1095/4/611 1101/4/610
f 1096/4/606 1102/4/612 1100/4/612
f 1103/4/614 1099/4/615 1101/4/615
f 1102/4/616 1104/4/617 1100/4/616
f 1099/4/615 1103/4/614 1105/4/618
f 1104/4/619 1105/4/618 1103/4/618
f 1104/4/617 1102/4/616 1106/4/617
f 1105/4/618 1104/4/619 1106/4/619
f 1107/4/620 1108/4/620 1109/4/620
f 1108/4/620 1107/4/620 1110/4/620
f 1110/4/620 1107/4/620 1111/4/620
f 1108/4/620 1110/4/620 1112/4/620
f 1112/4/620 1110/4/620 1113/4/620
f 1108/4/620 1112/4/620 1114/4/620
f 1115/4/621 1116/4/622 1117/4/622
f 1118/4/623 1117/4/624 1116/4/625
f 1115/4/626 1117/4/622 1119/4/626
f 1117/4/624 1118/4/627 1120/4/623
f 1119/4/628 1121/4/629 1115/4/628
f 1118/4/630 1122/4/631 1120/4/630
f 1121/4/629 1119/4/626 1123/4/629
f 1122/4/631 1118/4/632 1124/4/631
f 1125/4/633 1121/4/629 1123/4/629
f 1126/4/634 1122/4/635 1124/4/636
f 1121/4/629 1125/4/633 1127/4/633
f 1122/4/635 1126/4/637 1128/4/638
f 1129/4/639 1127/4/640 1125/4/633
f 1129/4/641 1128/4/642 1126/4/634
f 1129/4/641 1125/4/633 1130/4/641
f 1128/4/634 1129/4/641 1130/4/641
f 1131/4/643 1132/4/644 1133/4/643
f 1132/4/644 1131/4/643 1134/4/644
f 1133/4/645 1135/4/646 1131/4/645
f 1136/4/647 1132/4/644 1134/4/648
f 1133/4/649 1137/4/646 1135/4/646
f 1134/4/648 1138/4/650 1136/4/650
f 1139/4/651 1135/4/646 1137/4/646
f 1140/4/652 1136/4/653 1138/4/653
f 1135/4/646 1139/4/654 1141/4/654
f 1136/4/647 1140/4/652 1142/4/652
f 1143/4/655 1141/4/656 1139/4/656
f 1144/4/657 1142/4/658 1140/4/658
f 1141/4/656 1143/4/659 1145/4/659
f 1144/4/657 1145/4/659 1143/4/659
f 1145/4/660 1144/4/661 1146/4/661
f 1144/4/662 1140/4/658 1146/4/662
f 1147/4/663 1148/4/664 1149/4/664
f 1150/4/665 1149/4/664 1148/4/664
f 1148/4/664 1147/4/663 1151/4/663
f 1150/4/665 1152/4/665 1149/4/664
f 1153/4/666 1151/4/663 1147/4/663
f 1154/4/667 1152/4/665 1150/4/665
f 1153/4/666 1155/4/666 1151/4/663
f 1152/4/665 1154/4/667 1156/4/667
f 1157/4/668 1155/4/666 1153/4/666
f 1158/4/669 1156/4/667 1154/4/667
f 1157/4/668 1159/4/668 1155/4/666
f 1156/4/667 1158/4/669 1160/4/669
f 1159/4/668 1157/4/668 1161/4/670
f 1159/4/668 1161/4/595 1162/4/595
f 1163/4/598 1159/4/668 1162/4/595
f 1162/4/595 1164/4/598 1163/4/598
f 1165/4/599 1163/4/598 1164/4/598
f 1163/4/598 1165/4/599 1158/4/669
f 1165/4/599 1166/4/599 1158/4/669
f 1160/4/669 1158/4/669 1166/4/599
f 1167/4/595 1161/4/595 1157/4/668
f 1161/4/595 1167/4/595 1168/4/595
f 1168/4/670 1167/4/670 1169/4/670
f 1170/4/598 1167/4/595 1157/4/668
f 1167/4/595 1170/4/598 1171/4/598
f 1170/4/598 1172/4/599 1171/4/598
f 1170/4/598 1160/4/669 1172/4/599
f 1166/4/599 1172/4/599 1160/4/669
f 1172/4/599 1166/4/599 1173/4/599
f 1172/4/600 1173/4/600 1174/4/600
f 1175/4/598 1176/4/669 1177/4/598
f 1176/4/669 1175/4/598 1178/4/669
f 1177/4/598 1179/4/668 1175/4/598
f 1178/4/669 1180/4/667 1176/4/669
f 1179/4/668 1177/4/671 1181/4/668
f 1180/4/667 1178/4/669 1182/4/667
f 1183/4/666 1179/4/668 1181/4/668
f 1182/4/667 1184/4/665 1180/4/667
f 1181/4/668 1185/4/666 1183/4/666
f 1184/4/665 1182/4/667 1186/4/665
f 1187/4/663 1183/4/666 1185/4/666
f 1186/4/665 1188/4/672 1184/4/665
f 1185/4/666 1189/4/663 1187/4/663
f 1188/4/664 1186/4/665 1190/4/664
f 1189/4/663 1190/4/664 1187/4/663
f 1190/4/664 1189/4/663 1188/4/664
f 1191/4/666 1192/4/666 1193/4/663
f 1192/4/666 1194/4/663 1193/4/663
f 1195/4/668 1192/4/666 1191/4/666
f 1194/4/663 1196/4/664 1193/4/663
f 1197/4/668 1195/4/668 1191/4/666
f 1196/4/664 1194/4/663 1198/4/664
f 1197/4/668 1199/4/598 1195/4/668
f 1198/4/664 1200/4/665 1196/4/664
f 1199/4/598 1197/4/668 1201/4/598
f 1200/4/665 1198/4/664 1202/4/665
f 1201/4/598 1203/4/669 1199/4/598
f 1202/4/665 1204/4/667 1200/4/665
f 1203/4/669 1201/4/598 1205/4/669
f 1204/4/667 1202/4/665 1206/4/667
f 1205/4/669 1206/4/667 1203/4/669
f 1206/4/667 1205/4/669 1204/4/667
f 1207/4/664 1208/4/664 1209/4/663
f 1208/4/664 1210/4/663 1209/4/663
f 1211/4/665 1208/4/664 1207/4/664
f 1210/4/663 1212/4/666 1209/4/663
f 1213/4/665 1211/4/665 1207/4/664
f 1212/4/666 1210/4/663 1214/4/666
f 1215/4/667 1211/4/665 1213/4/665
f 1214/4/666 1216/4/668 1212/4/666
f 1217/4/667 1215/4/667 1213/4/665
f 1216/4/668 1214/4/666 1218/4/668
f 1219/4/669 1215/4/667 1217/4/667
f 1216/4/668 1218/4/668 1220/4/598
f 1221/4/669 1219/4/669 1217/4/667
f 1218/4/668 1222/4/598 1220/4/598
f 1222/4/598 1219/4/669 1221/4/669
f 1220/4/598 1222/4/598 1221/4/669
f 1223/4/673 1224/4/674 1225/4/674
f 1224/4/674 1226/4/675 1225/4/674
f 1224/4/674 1223/4/676 1227/4/676
f 1226/4/675 1224/4/674 1228/4/675
f 1229/4/677 1227/4/676 1223/4/676
f 1230/4/678 1226/4/675 1228/4/675
f 1223/4/679 1231/4/677 1229/4/677
f 1226/4/680 1230/4/681 1232/4/678
f 1231/4/677 1233/4/682 1229/4/677
f 1234/4/683 1232/4/684 1230/4/684
f 1231/4/685 1235/4/682 1233/4/682
f 1232/4/686 1234/4/683 1236/4/683
f 1235/4/682 1237/4/687 1233/4/682
f 1237/4/688 1236/4/683 1234/4/683
f 1235/4/682 1238/4/689 1237/4/689
f 1236/4/683 1237/4/690 1238/4/690
f 1239/4/691 1240/4/692 1241/4/692
f 1242/4/693 1241/4/692 1240/4/692
f 1240/4/692 1239/4/691 1243/4/691
f 1240/4/692 1244/4/693 1242/4/693
f 1245/4/694 1243/4/691 1239/4/691
f 1246/4/695 1242/4/693 1244/4/693
f 1239/4/691 1247/4/694 1245/4/694
f 1242/4/693 1246/4/695 1248/4/695
f 1249/4/696 1245/4/694 1247/4/694
f 1250/4/697 1248/4/695 1246/4/695
f 1245/4/694 1249/4/698 1251/4/698
f 1246/4/695 1252/4/697 1250/4/697
f 1249/4/696 1253/4/699 1251/4/696
f 1253/4/700 1250/4/697 1252/4/697
f 1249/4/696 1254/4/699 1253/4/699
f 1250/4/697 1253/4/699 1254/4/699
f 1255/4/701 1256/4/702 1257/4/702
f 1258/4/703 1257/4/702 1256/4/702
f 1255/4/701 1257/4/702 1259/4/701
f 1257/4/702 1258/4/703 1260/4/703
f 1261/4/704 1255/4/701 1259/4/701
f 1258/4/703 1262/4/705 1260/4/703
f 1255/4/701 1261/4/706 1263/4/704
f 1258/4/703 1264/4/705 1262/4/705
f 1265/4/707 1263/4/704 1261/4/706
f 1266/4/708 1262/4/709 1264/4/705
f 1263/4/704 1265/4/707 1267/4/710
f 1264/4/709 1268/4/708 1266/4/708
f 1269/4/711 1267/4/712 1265/4/712
f 1269/4/713 1266/4/714 1268/4/714
f 1269/4/715 1265/4/712 1270/4/715
f 1266/4/714 1269/4/716 1270/4/713
o RenderMesh_100857546442643.002
v 0.889719 0.127872 0.223077
v 0.887290 0.179908 0.222070
v 0.876513 0.153890 0.217606
v 0.913320 0.190680 0.232853
v 0.893752 0.124388 0.224748
v 0.913320 0.035907 0.232853
v 0.881800 0.046719 0.219797
v 0.932864 0.124388 0.224757
v 0.944816 0.046719 0.219807
v 0.936897 0.127872 0.223087
v 0.939326 0.179908 0.222081
v 0.950103 0.153890 0.217617
v 0.871182 0.342753 0.199691
v 0.871182 0.342753 0.115437
v 0.853732 0.342753 0.157564
v 0.972884 0.342753 0.157564
v 0.913308 0.342753 0.097988
v 0.955435 0.342753 0.115437
v 0.913308 0.342753 0.217140
v 0.955435 0.342753 0.199691
v 0.973054 0.331855 0.097819
v 0.972884 0.342753 0.157564
v 0.997801 0.331855 0.157564
v 0.955435 0.342753 0.115437
v 0.955435 0.342753 0.199691
v 0.913308 0.331855 0.073071
v 0.973054 0.331855 0.217310
v 0.913308 0.342753 0.097988
v 0.913308 0.331855 0.242057
v 0.871182 0.342753 0.115437
v 0.913308 0.342753 0.217140
v 0.853563 0.331855 0.097819
v 0.871182 0.342753 0.199691
v 0.853732 0.342753 0.157564
v 0.853563 0.331855 0.217310
v 0.828815 0.331855 0.157564
v 0.859474 -0.094563 0.211399
v 0.967143 -0.094563 0.211399
v 0.913308 -0.094563 0.233698
v 0.859474 -0.094563 0.103730
v 0.837175 -0.094563 0.157564
v 0.967143 -0.094563 0.103730
v 0.913308 -0.094563 0.081431
v 0.989442 -0.094563 0.157564
v 0.854090 -0.089746 0.216782
v 0.829561 -0.089746 0.157564
v 0.837175 -0.094563 0.157564
v 0.854090 -0.089746 0.098346
v 0.859474 -0.094563 0.211399
v 0.859474 -0.094563 0.103730
v 0.913308 -0.089746 0.241311
v 0.913308 -0.094563 0.081431
v 0.913308 -0.094563 0.233698
v 0.913308 -0.089746 0.073817
v 0.967143 -0.094563 0.211399
v 0.972526 -0.089746 0.098346
v 0.972526 -0.089746 0.216782
v 0.967143 -0.094563 0.103730
v 0.997055 -0.089746 0.157564
v 0.989442 -0.094563 0.157564
v 0.982314 0.014571 0.157564
v 0.967143 0.020001 0.103730
v 0.989442 0.020001 0.157564
v 0.962103 0.014571 0.108769
v 0.962103 0.014571 0.206359
v 0.913308 0.020001 0.081431
v 0.967143 0.020001 0.211399
v 0.913308 0.014571 0.088558
v 0.913308 0.020001 0.233698
v 0.864513 0.014571 0.108769
v 0.913308 0.014571 0.226570
v 0.859474 0.020001 0.103730
v 0.859474 0.020001 0.211399
v 0.837175 0.020001 0.157564
v 0.864513 0.014571 0.206359
v 0.844302 0.014571 0.157564
v 0.859474 0.020001 0.103730
v 0.913308 0.222278 0.081431
v 0.913308 0.020001 0.081431
v 0.967143 0.222278 0.103730
v 0.859474 0.222278 0.103730
v 0.967143 0.020001 0.103730
v 0.837175 0.020001 0.157564
v 0.989442 0.222278 0.157564
v 0.837175 0.222278 0.157564
v 0.989442 0.020001 0.157564
v 0.859474 0.020001 0.211399
v 0.967143 0.222278 0.211399
v 0.859474 0.222278 0.211399
v 0.967143 0.020001 0.211399
v 0.876501 0.154460 0.218451
v 0.887277 0.180478 0.222915
v 0.913308 0.222278 0.233698
v 0.913308 0.191250 0.233698
v 0.939314 0.180478 0.222926
v 0.950091 0.154460 0.218462
v 0.881788 0.047291 0.220641
v 0.889707 0.128442 0.223922
v 0.893740 0.124958 0.225592
v 0.913308 0.020001 0.233698
v 0.913308 0.036477 0.233698
v 0.944804 0.047291 0.220652
v 0.936885 0.128442 0.223932
v 0.932852 0.124958 0.225602
v 0.913308 -0.089746 0.241311
v 0.972526 -0.073804 0.216782
v 0.913308 -0.073804 0.241311
v 0.972526 -0.089746 0.216782
v 0.854090 -0.089746 0.216782
v 0.997055 -0.073804 0.157564
v 0.854090 -0.073804 0.216782
v 0.997055 -0.089746 0.157564
v 0.829561 -0.089746 0.157564
v 0.972526 -0.073804 0.098346
v 0.829561 -0.073804 0.157564
v 0.972526 -0.089746 0.098346
v 0.854090 -0.089746 0.098346
v 0.913308 -0.073804 0.073817
v 0.854090 -0.073804 0.098346
v 0.913308 -0.089746 0.073817
v 0.837175 -0.068987 0.157564
v 0.837175 0.009140 0.157564
v 0.859474 -0.068987 0.103730
v 0.859474 0.009140 0.103730
v 0.859474 0.009140 0.211399
v 0.913308 -0.068987 0.081431
v 0.859474 -0.068987 0.211399
v 0.913308 0.009140 0.081431
v 0.913308 0.009140 0.233698
v 0.967143 -0.068987 0.103730
v 0.913308 -0.068987 0.233698
v 0.967143 0.009140 0.103730
v 0.967143 0.009140 0.211399
v 0.989442 -0.068987 0.157564
v 0.967143 -0.068987 0.211399
v 0.989442 0.009140 0.157564
v 0.913308 0.331855 0.073071
v 0.913308 0.236808 0.073071
v 0.853563 0.331855 0.097819
v 0.853563 0.236808 0.097819
v 0.973054 0.236808 0.097819
v 0.828815 0.331855 0.157564
v 0.973054 0.331855 0.097819
v 0.828815 0.236808 0.157564
v 0.997801 0.236808 0.157564
v 0.853563 0.331855 0.217310
v 0.997801 0.331855 0.157564
v 0.853563 0.236808 0.217310
v 0.973054 0.236808 0.217310
v 0.913308 0.331855 0.242057
v 0.973054 0.331855 0.217310
v 0.913308 0.236808 0.242057
v 0.837175 0.009140 0.157564
v 0.864513 0.014571 0.108769
v 0.859474 0.009140 0.103730
v 0.913308 0.009140 0.081431
v 0.844302 0.014571 0.157564
v 0.913308 0.014571 0.088558
v 0.864513 0.014571 0.206359
v 0.962103 0.014571 0.108769
v 0.859474 0.009140 0.211399
v 0.967143 0.009140 0.103730
v 0.913308 0.014571 0.226570
v 0.982314 0.014571 0.157564
v 0.913308 0.009140 0.233698
v 0.989442 0.009140 0.157564
v 0.962103 0.014571 0.206359
v 0.967143 0.009140 0.211399
v 0.913308 0.236808 0.242057
v 0.967143 0.222278 0.211399
v 0.973054 0.236808 0.217310
v 0.997801 0.236808 0.157564
v 0.913308 0.222278 0.233698
v 0.989442 0.222278 0.157564
v 0.859474 0.222278 0.211399
v 0.967143 0.222278 0.103730
v 0.853563 0.236808 0.217310
v 0.973054 0.236808 0.097819
v 0.828815 0.236808 0.157564
v 0.913308 0.236808 0.073071
v 0.837175 0.222278 0.157564
v 0.913308 0.222278 0.081431
v 0.859474 0.222278 0.103730
v 0.853563 0.236808 0.097819
v 0.913308 -0.073804 0.241311
v 0.972526 -0.073804 0.216782
v 0.967143 -0.068987 0.211399
v 0.997055 -0.073804 0.157564
v 0.913308 -0.068987 0.233698
v 0.989442 -0.068987 0.157564
v 0.859474 -0.068987 0.211399
v 0.967143 -0.068987 0.103730
v 0.854090 -0.073804 0.216782
v 0.972526 -0.073804 0.098346
v 0.837175 -0.068987 0.157564
v 0.913308 -0.068987 0.081431
v 0.829561 -0.073804 0.157564
v 0.913308 -0.073804 0.073817
v 0.854090 -0.073804 0.098346
v 0.859474 -0.068987 0.103730
vn -0.3827 -0.0000 0.9239
vn -0.0001 -0.0000 1.0000
vn -0.3828 -0.0000 0.9238
vn -0.0000 -0.0000 1.0000
vn 0.3827 -0.0000 0.9239
vn 0.3826 -0.0000 0.9239
vn -0.0000 1.0000 -0.0000
vn 0.2833 0.9162 -0.2833
vn 0.4007 0.9162 -0.0001
vn 0.2834 0.9162 0.2833
vn 0.4007 0.9162 0.0001
vn -0.0000 0.9162 -0.4007
vn 0.2833 0.9162 -0.2834
vn 0.2833 0.9162 0.2833
vn 0.0001 0.9162 -0.4007
vn 0.0001 0.9162 0.4007
vn 0.2833 0.9162 0.2834
vn -0.2833 0.9162 -0.2834
vn -0.0001 0.9162 -0.4007
vn -0.2833 0.9162 0.2834
vn -0.0001 0.9162 0.4007
vn -0.2833 0.9162 -0.2833
vn -0.4007 0.9162 -0.0001
vn -0.2833 0.9162 0.2833
vn -0.4007 0.9162 0.0001
vn -0.0000 -1.0000 -0.0000
vn -0.3781 -0.8450 0.3780
vn -0.5347 -0.8451 0.0001
vn -0.3781 -0.8450 -0.3781
vn -0.5347 -0.8451 -0.0001
vn -0.5347 -0.8450 -0.0001
vn -0.3781 -0.8450 0.3781
vn -0.3781 -0.8450 -0.3780
vn -0.3781 -0.8451 0.3781
vn -0.0000 -0.8451 0.5347
vn -0.3780 -0.8451 -0.3781
vn -0.0001 -0.8451 -0.5347
vn -0.3780 -0.8450 -0.3781
vn 0.3781 -0.8450 0.3781
vn 0.3781 -0.8450 -0.3781
vn 0.0001 -0.8451 -0.5347
vn 0.0001 -0.8450 -0.5347
vn 0.3780 -0.8450 -0.3781
vn 0.3780 -0.8451 -0.3781
vn 0.5347 -0.8450 -0.0000
vn 0.3781 -0.8451 0.3781
vn 0.5347 -0.8451 -0.0000
vn 0.3781 -0.8451 -0.3781
vn 0.6061 -0.7954 -0.0001
vn 0.4285 -0.7954 -0.4286
vn 0.6061 -0.7954 -0.0000
vn 0.4285 -0.7954 0.4286
vn -0.0000 -0.7954 -0.6061
vn 0.4285 -0.7954 -0.4287
vn 0.6061 -0.7954 0.0001
vn 0.0001 -0.7954 -0.6061
vn 0.0001 -0.7954 0.6061
vn -0.4285 -0.7954 -0.4286
vn -0.0001 -0.7954 -0.6061
vn -0.0000 -0.7954 0.6061
vn -0.4285 -0.7954 0.4286
vn -0.0001 -0.7954 0.6061
vn -0.6061 -0.7954 -0.0000
vn -0.4286 -0.7954 -0.4285
vn -0.4285 -0.7954 0.4285
vn -0.4286 -0.7954 0.4285
vn -0.6061 -0.7954 0.0001
vn -0.6061 -0.7954 -0.0001
vn -0.7071 -0.0000 -0.7071
vn -0.0000 -0.0000 -1.0000
vn 0.7071 -0.0000 -0.7071
vn -1.0000 -0.0000 -0.0000
vn 1.0000 -0.0000 -0.0000
vn -0.7071 -0.0000 0.7071
vn 0.7071 -0.0000 0.7071
vn -0.3826 -0.0000 0.9239
vn -0.0000 -0.0002 1.0000
vn -0.0000 -0.0002 -1.0000
vn -0.6061 0.7954 -0.0001
vn -0.4285 0.7954 -0.4286
vn -0.0000 0.7954 -0.6061
vn -0.6061 0.7954 -0.0000
vn -0.4285 0.7954 0.4286
vn 0.4285 0.7954 -0.4286
vn -0.6061 0.7954 0.0001
vn 0.0001 0.7954 -0.6061
vn 0.4285 0.7955 -0.4286
vn -0.0000 0.7954 0.6061
vn 0.6060 0.7954 -0.0000
vn 0.4286 0.7954 -0.4285
vn -0.4285 0.7954 0.4287
vn 0.4285 0.7954 -0.4285
vn 0.4285 0.7954 0.4285
vn 0.4285 0.7955 0.4285
vn 0.4285 0.7954 0.4286
vn 0.4286 0.7954 0.4285
vn -0.0000 -0.4987 0.8668
vn 0.6129 -0.4987 0.6129
vn 0.8668 -0.4987 -0.0000
vn -0.6129 -0.4987 0.6129
vn 0.6129 -0.4987 -0.6129
vn -0.8668 -0.4987 -0.0000
vn -0.0000 -0.4987 -0.8668
vn -0.8668 -0.4987 0.0001
vn -0.6129 -0.4987 -0.6129
vn -0.6128 -0.4987 -0.6129
vn -0.0000 0.8451 0.5346
vn 0.3780 0.8451 0.3780
vn 0.5346 0.8451 -0.0000
vn -0.3781 0.8450 0.3781
vn 0.3780 0.8451 -0.3780
vn -0.3781 0.8451 0.3781
vn -0.5347 0.8451 0.0001
vn 0.0001 0.8451 -0.5346
vn 0.3780 0.8451 -0.3781
vn -0.5347 0.8450 0.0001
vn -0.3781 0.8450 -0.3780
vn -0.5347 0.8451 -0.0001
vn -0.3781 0.8450 -0.3781
vn -0.0001 0.8451 -0.5346
vn -0.3781 0.8451 -0.3780
vn -0.3780 0.8450 -0.3781
vt 0.000000 0.000000
s 0
f 1271/5/717 1272/5/717 1273/5/717
f 1272/5/717 1271/5/717 1274/5/718
f 1274/5/718 1271/5/719 1275/5/719
f 1276/5/720 1274/5/718 1275/5/717
f 1275/5/717 1277/5/717 1276/5/720
f 1274/5/718 1276/5/720 1278/5/721
f 1276/5/720 1279/5/721 1278/5/721
f 1280/5/722 1274/5/720 1278/5/722
f 1274/5/718 1280/5/721 1281/5/721
f 1281/5/721 1280/5/721 1282/5/721
f 1283/5/723 1284/5/723 1285/5/723
f 1286/5/723 1284/5/723 1283/5/723
f 1284/5/723 1286/5/723 1287/5/723
f 1287/5/723 1286/5/723 1288/5/723
f 1286/5/723 1283/5/723 1289/5/723
f 1286/5/723 1289/5/723 1290/5/723
f 1291/5/724 1292/5/725 1293/5/725
f 1292/5/725 1291/5/724 1294/5/724
f 1295/5/726 1293/5/727 1292/5/727
f 1296/5/728 1294/5/724 1291/5/729
f 1293/5/727 1295/5/726 1297/5/730
f 1294/5/729 1296/5/731 1298/5/731
f 1295/5/730 1299/5/732 1297/5/733
f 1300/5/734 1298/5/735 1296/5/735
f 1299/5/732 1295/5/733 1301/5/732
f 1296/5/728 1302/5/734 1300/5/734
f 1303/5/736 1299/5/737 1301/5/737
f 1302/5/738 1304/5/739 1300/5/738
f 1299/5/737 1303/5/736 1305/5/740
f 1304/5/741 1305/5/740 1303/5/740
f 1304/5/739 1302/5/738 1306/5/739
f 1305/5/740 1304/5/741 1306/5/741
f 1307/5/742 1308/5/742 1309/5/742
f 1308/5/742 1307/5/742 1310/5/742
f 1310/5/742 1307/5/742 1311/5/742
f 1308/5/742 1310/5/742 1312/5/742
f 1312/5/742 1310/5/742 1313/5/742
f 1308/5/742 1312/5/742 1314/5/742
f 1315/5/743 1316/5/744 1317/5/744
f 1318/5/745 1317/5/746 1316/5/747
f 1315/5/748 1317/5/744 1319/5/748
f 1317/5/746 1318/5/749 1320/5/745
f 1319/5/750 1321/5/751 1315/5/750
f 1318/5/752 1322/5/753 1320/5/752
f 1321/5/751 1319/5/748 1323/5/751
f 1322/5/753 1318/5/754 1324/5/753
f 1325/5/755 1321/5/751 1323/5/751
f 1326/5/756 1322/5/757 1324/5/758
f 1321/5/751 1325/5/755 1327/5/755
f 1322/5/757 1326/5/759 1328/5/760
f 1329/5/761 1327/5/762 1325/5/755
f 1329/5/763 1328/5/764 1326/5/756
f 1329/5/763 1325/5/755 1330/5/763
f 1328/5/756 1329/5/763 1330/5/763
f 1331/5/765 1332/5/766 1333/5/765
f 1332/5/766 1331/5/765 1334/5/766
f 1333/5/767 1335/5/768 1331/5/767
f 1336/5/769 1332/5/766 1334/5/770
f 1333/5/771 1337/5/768 1335/5/768
f 1334/5/770 1338/5/772 1336/5/772
f 1339/5/773 1335/5/768 1337/5/768
f 1340/5/774 1336/5/775 1338/5/775
f 1335/5/768 1339/5/776 1341/5/776
f 1336/5/769 1340/5/774 1342/5/774
f 1343/5/777 1341/5/778 1339/5/778
f 1344/5/779 1342/5/780 1340/5/780
f 1341/5/778 1343/5/781 1345/5/781
f 1344/5/779 1345/5/781 1343/5/781
f 1345/5/782 1344/5/783 1346/5/783
f 1344/5/784 1340/5/780 1346/5/784
f 1347/5/785 1348/5/786 1349/5/786
f 1350/5/787 1349/5/786 1348/5/786
f 1348/5/786 1347/5/785 1351/5/785
f 1350/5/787 1352/5/787 1349/5/786
f 1353/5/788 1351/5/785 1347/5/785
f 1354/5/789 1352/5/787 1350/5/787
f 1353/5/788 1355/5/788 1351/5/785
f 1352/5/787 1354/5/789 1356/5/789
f 1357/5/790 1355/5/788 1353/5/788
f 1358/5/791 1356/5/789 1354/5/789
f 1357/5/790 1359/5/790 1355/5/788
f 1356/5/789 1358/5/791 1360/5/791
f 1359/5/790 1357/5/790 1361/5/792
f 1359/5/790 1361/5/717 1362/5/717
f 1363/5/720 1359/5/790 1362/5/717
f 1362/5/717 1364/5/720 1363/5/720
f 1365/5/721 1363/5/720 1364/5/720
f 1363/5/720 1365/5/721 1358/5/791
f 1365/5/721 1366/5/721 1358/5/791
f 1360/5/791 1358/5/791 1366/5/721
f 1367/5/717 1361/5/717 1357/5/790
f 1361/5/717 1367/5/717 1368/5/717
f 1368/5/792 1367/5/792 1369/5/792
f 1370/5/720 1367/5/717 1357/5/790
f 1367/5/717 1370/5/720 1371/5/720
f 1370/5/720 1372/5/721 1371/5/720
f 1370/5/720 1360/5/791 1372/5/721
f 1366/5/721 1372/5/721 1360/5/791
f 1372/5/721 1366/5/721 1373/5/721
f 1372/5/722 1373/5/722 1374/5/722
f 1375/5/720 1376/5/791 1377/5/720
f 1376/5/791 1375/5/720 1378/5/791
f 1377/5/720 1379/5/790 1375/5/720
f 1378/5/791 1380/5/789 1376/5/791
f 1379/5/790 1377/5/793 1381/5/790
f 1380/5/789 1378/5/791 1382/5/789
f 1383/5/788 1379/5/790 1381/5/790
f 1382/5/789 1384/5/787 1380/5/789
f 1381/5/790 1385/5/788 1383/5/788
f 1384/5/787 1382/5/789 1386/5/787
f 1387/5/785 1383/5/788 1385/5/788
f 1386/5/787 1388/5/794 1384/5/787
f 1385/5/788 1389/5/785 1387/5/785
f 1388/5/786 1386/5/787 1390/5/786
f 1389/5/785 1390/5/786 1387/5/785
f 1390/5/786 1389/5/785 1388/5/786
f 1391/5/788 1392/5/788 1393/5/785
f 1392/5/788 1394/5/785 1393/5/785
f 1395/5/790 1392/5/788 1391/5/788
f 1394/5/785 1396/5/786 1393/5/785
f 1397/5/790 1395/5/790 1391/5/788
f 1396/5/786 1394/5/785 1398/5/786
f 1397/5/790 1399/5/720 1395/5/790
f 1398/5/786 1400/5/787 1396/5/786
f 1399/5/720 1397/5/790 1401/5/720
f 1400/5/787 1398/5/786 1402/5/787
f 1401/5/720 1403/5/791 1399/5/720
f 1402/5/787 1404/5/789 1400/5/787
f 1403/5/791 1401/5/720 1405/5/791
f 1404/5/789 1402/5/787 1406/5/789
f 1405/5/791 1406/5/789 1403/5/791
f 1406/5/789 1405/5/791 1404/5/789
f 1407/5/786 1408/5/786 1409/5/785
f 1408/5/786 1410/5/785 1409/5/785
f 1411/5/787 1408/5/786 1407/5/786
f 1410/5/785 1412/5/788 1409/5/785
f 1413/5/787 1411/5/787 1407/5/786
f 1412/5/788 1410/5/785 1414/5/788
f 1415/5/789 1411/5/787 1413/5/787
f 1414/5/788 1416/5/790 1412/5/788
f 1417/5/789 1415/5/789 1413/5/787
f 1416/5/790 1414/5/788 1418/5/790
f 1419/5/791 1415/5/789 1417/5/789
f 1416/5/790 1418/5/790 1420/5/720
f 1421/5/791 1419/5/791 1417/5/789
f 1418/5/790 1422/5/720 1420/5/720
f 1422/5/720 1419/5/791 1421/5/791
f 1420/5/720 1422/5/720 1421/5/791
f 1423/5/795 1424/5/796 1425/5/796
f 1424/5/796 1426/5/797 1425/5/796
f 1424/5/796 1423/5/798 1427/5/798
f 1426/5/797 1424/5/796 1428/5/797
f 1429/5/799 1427/5/798 1423/5/798
f 1430/5/800 1426/5/797 1428/5/797
f 1423/5/801 1431/5/799 1429/5/799
f 1426/5/802 1430/5/803 1432/5/800
f 1431/5/799 1433/5/804 1429/5/799
f 1434/5/805 1432/5/806 1430/5/806
f 1431/5/807 1435/5/804 1433/5/804
f 1432/5/808 1434/5/805 1436/5/805
f 1435/5/804 1437/5/809 1433/5/804
f 1437/5/810 1436/5/805 1434/5/805
f 1435/5/804 1438/5/811 1437/5/811
f 1436/5/805 1437/5/812 1438/5/812
f 1439/5/813 1440/5/814 1441/5/814
f 1442/5/815 1441/5/814 1440/5/814
f 1440/5/814 1439/5/813 1443/5/813
f 1440/5/814 1444/5/815 1442/5/815
f 1445/5/816 1443/5/813 1439/5/813
f 1446/5/817 1442/5/815 1444/5/815
f 1439/5/813 1447/5/816 1445/5/816
f 1442/5/815 1446/5/817 1448/5/817
f 1449/5/818 1445/5/816 1447/5/816
f 1450/5/819 1448/5/817 1446/5/817
f 1445/5/816 1449/5/820 1451/5/820
f 1446/5/817 1452/5/819 1450/5/819
f 1449/5/818 1453/5/821 1451/5/818
f 1453/5/822 1450/5/819 1452/5/819
f 1449/5/818 1454/5/821 1453/5/821
f 1450/5/819 1453/5/821 1454/5/821
f 1455/5/823 1456/5/824 1457/5/824
f 1458/5/825 1457/5/824 1456/5/824
f 1455/5/823 1457/5/824 1459/5/823
f 1457/5/824 1458/5/825 1460/5/825
f 1461/5/826 1455/5/823 1459/5/823
f 1458/5/825 1462/5/827 1460/5/825
f 1455/5/823 1461/5/828 1463/5/826
f 1458/5/825 1464/5/827 1462/5/827
f 1465/5/829 1463/5/826 1461/5/828
f 1466/5/830 1462/5/831 1464/5/827
f 1463/5/826 1465/5/829 1467/5/832
f 1464/5/831 1468/5/830 1466/5/830
f 1469/5/833 1467/5/834 1465/5/834
f 1469/5/835 1466/5/836 1468/5/836
f 1469/5/837 1465/5/834 1470/5/837
f 1466/5/836 1469/5/838 1470/5/835
o RenderMesh_100857546442643.003
v 1.061406 0.127872 0.223077
v 1.058977 0.179908 0.222070
v 1.048200 0.153890 0.217606
v 1.085007 0.190680 0.232853
v 1.065439 0.124388 0.224748
v 1.085007 0.035907 0.232853
v 1.053487 0.046719 0.219797
v 1.104551 0.124388 0.224757
v 1.116503 0.046719 0.219807
v 1.108584 0.127872 0.223087
v 1.111013 0.179908 0.222081
v 1.121790 0.153890 0.217617
v 1.042869 0.342753 0.199691
v 1.042869 0.342753 0.115437
v 1.025419 0.342753 0.157564
v 1.144571 0.342753 0.157564
v 1.084995 0.342753 0.097988
v 1.127122 0.342753 0.115437
v 1.084995 0.342753 0.217140
v 1.127122 0.342753 0.199691
v 1.144741 0.331855 0.097819
v 1.144571 0.342753 0.157564
v 1.169488 0.331855 0.157564
v 1.127122 0.342753 0.115437
v 1.127122 0.342753 0.199691
v 1.084995 0.331855 0.073071
v 1.144741 0.331855 0.217310
v 1.084995 0.342753 0.097988
v 1.084995 0.331855 0.242057
v 1.042869 0.342753 0.115437
v 1.084995 0.342753 0.217140
v 1.025250 0.331855 0.097819
v 1.042869 0.342753 0.199691
v 1.025419 0.342753 0.157564
v 1.025250 0.331855 0.217310
v 1.000502 0.331855 0.157564
v 1.031161 -0.094563 0.211399
v 1.138830 -0.094563 0.211399
v 1.084995 -0.094563 0.233698
v 1.031161 -0.094563 0.103730
v 1.008862 -0.094563 0.157564
v 1.138830 -0.094563 0.103730
v 1.084995 -0.094563 0.081431
v 1.161129 -0.094563 0.157564
v 1.025777 -0.089746 0.216782
v 1.001248 -0.089746 0.157564
v 1.008862 -0.094563 0.157564
v 1.025777 -0.089746 0.098346
v 1.031161 -0.094563 0.211399
v 1.031161 -0.094563 0.103730
v 1.084995 -0.089746 0.241311
v 1.084995 -0.094563 0.081431
v 1.084995 -0.094563 0.233698
v 1.084995 -0.089746 0.073817
v 1.138830 -0.094563 0.211399
v 1.144213 -0.089746 0.098346
v 1.144213 -0.089746 0.216782
v 1.138830 -0.094563 0.103730
v 1.168742 -0.089746 0.157564
v 1.161129 -0.094563 0.157564
v 1.154001 0.014571 0.157564
v 1.138830 0.020001 0.103730
v 1.161129 0.020001 0.157564
v 1.133790 0.014571 0.108769
v 1.133790 0.014571 0.206359
v 1.084995 0.020001 0.081431
v 1.138830 0.020001 0.211399
v 1.084995 0.014571 0.088558
v 1.084995 0.020001 0.233698
v 1.036200 0.014571 0.108769
v 1.084995 0.014571 0.226570
v 1.031161 0.020001 0.103730
v 1.031161 0.020001 0.211399
v 1.008862 0.020001 0.157564
v 1.036200 0.014571 0.206359
v 1.015989 0.014571 0.157564
v 1.031161 0.020001 0.103730
v 1.084995 0.222278 0.081431
v 1.084995 0.020001 0.081431
v 1.138830 0.222278 0.103730
v 1.031161 0.222278 0.103730
v 1.138830 0.020001 0.103730
v 1.008862 0.020001 0.157564
v 1.161129 0.222278 0.157564
v 1.008862 0.222278 0.157564
v 1.161129 0.020001 0.157564
v 1.031161 0.020001 0.211399
v 1.138830 0.222278 0.211399
v 1.031161 0.222278 0.211399
v 1.138830 0.020001 0.211399
v 1.048188 0.154460 0.218451
v 1.058964 0.180478 0.222915
v 1.084995 0.222278 0.233698
v 1.084995 0.191250 0.233698
v 1.111001 0.180478 0.222926
v 1.121778 0.154460 0.218462
v 1.053475 0.047291 0.220641
v 1.061394 0.128442 0.223922
v 1.065427 0.124958 0.225592
v 1.084995 0.020001 0.233698
v 1.084995 0.036477 0.233698
v 1.116491 0.047291 0.220652
v 1.108572 0.128442 0.223932
v 1.104539 0.124958 0.225602
v 1.084995 -0.089746 0.241311
v 1.144213 -0.073804 0.216782
v 1.084995 -0.073804 0.241311
v 1.144213 -0.089746 0.216782
v 1.025777 -0.089746 0.216782
v 1.168742 -0.073804 0.157564
v 1.025777 -0.073804 0.216782
v 1.168742 -0.089746 0.157564
v 1.001248 -0.089746 0.157564
v 1.144213 -0.073804 0.098346
v 1.001248 -0.073804 0.157564
v 1.144213 -0.089746 0.098346
v 1.025777 -0.089746 0.098346
v 1.084995 -0.073804 0.073817
v 1.025777 -0.073804 0.098346
v 1.084995 -0.089746 0.073817
v 1.008862 -0.068987 0.157564
v 1.008862 0.009140 0.157564
v 1.031161 -0.068987 0.103730
v 1.031161 0.009140 0.103730
v 1.031161 0.009140 0.211399
v 1.084995 -0.068987 0.081431
v 1.031161 -0.068987 0.211399
v 1.084995 0.009140 0.081431
v 1.084995 0.009140 0.233698
v 1.138830 -0.068987 0.103730
v 1.084995 -0.068987 0.233698
v 1.138830 0.009140 0.103730
v 1.138830 0.009140 0.211399
v 1.161129 -0.068987 0.157564
v 1.138830 -0.068987 0.211399
v 1.161129 0.009140 0.157564
v 1.084995 0.331855 0.073071
v 1.084995 0.236808 0.073071
v 1.025250 0.331855 0.097819
v 1.025250 0.236808 0.097819
v 1.144741 0.236808 0.097819
v 1.000502 0.331855 0.157564
v 1.144741 0.331855 0.097819
v 1.000502 0.236808 0.157564
v 1.169488 0.236808 0.157564
v 1.025250 0.331855 0.217310
v 1.169488 0.331855 0.157564
v 1.025250 0.236808 0.217310
v 1.144741 0.236808 0.217310
v 1.084995 0.331855 0.242057
v 1.144741 0.331855 0.217310
v 1.084995 0.236808 0.242057
v 1.008862 0.009140 0.157564
v 1.036200 0.014571 0.108769
v 1.031161 0.009140 0.103730
v 1.084995 0.009140 0.081431
v 1.015989 0.014571 0.157564
v 1.084995 0.014571 0.088558
v 1.036200 0.014571 0.206359
v 1.133790 0.014571 0.108769
v 1.031161 0.009140 0.211399
v 1.138830 0.009140 0.103730
v 1.084995 0.014571 0.226570
v 1.154001 0.014571 0.157564
v 1.084995 0.009140 0.233698
v 1.161129 0.009140 0.157564
v 1.133790 0.014571 0.206359
v 1.138830 0.009140 0.211399
v 1.084995 0.236808 0.242057
v 1.138830 0.222278 0.211399
v 1.144741 0.236808 0.217310
v 1.169488 0.236808 0.157564
v 1.084995 0.222278 0.233698
v 1.161129 0.222278 0.157564
v 1.031161 0.222278 0.211399
v 1.138830 0.222278 0.103730
v 1.025250 0.236808 0.217310
v 1.144741 0.236808 0.097819
v 1.000502 0.236808 0.157564
v 1.084995 0.236808 0.073071
v 1.008862 0.222278 0.157564
v 1.084995 0.222278 0.081431
v 1.031161 0.222278 0.103730
v 1.025250 0.236808 0.097819
v 1.084995 -0.073804 0.241311
v 1.144213 -0.073804 0.216782
v 1.138830 -0.068987 0.211399
v 1.168742 -0.073804 0.157564
v 1.084995 -0.068987 0.233698
v 1.161129 -0.068987 0.157564
v 1.031161 -0.068987 0.211399
v 1.138830 -0.068987 0.103730
v 1.025777 -0.073804 0.216782
v 1.144213 -0.073804 0.098346
v 1.008862 -0.068987 0.157564
v 1.084995 -0.068987 0.081431
v 1.001248 -0.073804 0.157564
v 1.084995 -0.073804 0.073817
v 1.025777 -0.073804 0.098346
v 1.031161 -0.068987 0.103730
vn -0.3827 -0.0000 0.9239
vn -0.0001 -0.0000 1.0000
vn -0.3828 -0.0000 0.9238
vn -0.0000 -0.0000 1.0000
vn 0.3827 -0.0000 0.9239
vn 0.3826 -0.0000 0.9239
vn -0.0000 1.0000 -0.0000
vn 0.2833 0.9162 -0.2833
vn 0.4007 0.9162 -0.0001
vn 0.2834 0.9162 0.2833
vn 0.4007 0.9162 0.0001
vn -0.0000 0.9162 -0.4007
vn 0.2833 0.9162 -0.2834
vn 0.2833 0.9162 0.2833
vn 0.0001 0.9162 -0.4007
vn 0.0001 0.9162 0.4007
vn 0.2833 0.9162 0.2834
vn -0.2833 0.9162 -0.2834
vn -0.0001 0.9162 -0.4007
vn -0.2833 0.9162 0.2834
vn -0.0001 0.9162 0.4007
vn -0.2833 0.9162 -0.2833
vn -0.4007 0.9162 -0.0001
vn -0.2833 0.9162 0.2833
vn -0.4007 0.9162 0.0001
vn -0.0000 -1.0000 -0.0000
vn -0.3781 -0.8450 0.3780
vn -0.5347 -0.8451 0.0001
vn -0.3781 -0.8450 -0.3781
vn -0.5347 -0.8451 -0.0001
vn -0.5347 -0.8450 -0.0001
vn -0.3781 -0.8450 0.3781
vn -0.3781 -0.8450 -0.3780
vn -0.3781 -0.8451 0.3781
vn -0.0000 -0.8451 0.5347
vn -0.3780 -0.8451 -0.3781
vn -0.0001 -0.8451 -0.5347
vn -0.3780 -0.8450 -0.3781
vn 0.3781 -0.8450 0.3781
vn 0.3781 -0.8450 -0.3781
vn 0.0001 -0.8451 -0.5347
vn 0.0001 -0.8450 -0.5347
vn 0.3780 -0.8450 -0.3781
vn 0.3780 -0.8451 -0.3781
vn 0.5347 -0.8450 -0.0000
vn 0.3781 -0.8451 0.3781
vn 0.5347 -0.8451 -0.0000
vn 0.3781 -0.8451 -0.3781
vn 0.6061 -0.7954 -0.0001
vn 0.4285 -0.7954 -0.4286
vn 0.6061 -0.7954 -0.0000
vn 0.4285 -0.7954 0.4286
vn -0.0000 -0.7954 -0.6061
vn 0.4285 -0.7954 -0.4287
vn 0.6061 -0.7954 0.0001
vn 0.0001 -0.7954 -0.6061
vn 0.0001 -0.7954 0.6061
vn -0.4285 -0.7954 -0.4286
vn -0.0001 -0.7954 -0.6061
vn -0.0000 -0.7954 0.6061
vn -0.4285 -0.7954 0.4286
vn -0.0001 -0.7954 0.6061
vn -0.6061 -0.7954 -0.0000
vn -0.4286 -0.7954 -0.4285
vn -0.4285 -0.7954 0.4285
vn -0.4286 -0.7954 0.4285
vn -0.6061 -0.7954 0.0001
vn -0.6061 -0.7954 -0.0001
vn -0.7071 -0.0000 -0.7071
vn -0.0000 -0.0000 -1.0000
vn 0.7071 -0.0000 -0.7071
vn -1.0000 -0.0000 -0.0000
vn 1.0000 -0.0000 -0.0000
vn -0.7071 -0.0000 0.7071
vn 0.7071 -0.0000 0.7071
vn -0.3826 -0.0000 0.9239
vn -0.0000 -0.0002 1.0000
vn -0.0000 -0.0002 -1.0000
vn -0.6061 0.7954 -0.0001
vn -0.4285 0.7954 -0.4286
vn -0.0000 0.7954 -0.6061
vn -0.6061 0.7954 -0.0000
vn -0.4285 0.7954 0.4286
vn 0.4285 0.7954 -0.4286
vn -0.6061 0.7954 0.0001
vn 0.0001 0.7954 -0.6061
vn 0.4285 0.7955 -0.4286
vn -0.0000 0.7954 0.6061
vn 0.6060 0.7954 -0.0000
vn 0.4286 0.7954 -0.4285
vn -0.4285 0.7954 0.4287
vn 0.4285 0.7954 -0.4285
vn 0.4285 0.7954 0.4285
vn 0.4285 0.7955 0.4285
vn 0.4285 0.7954 0.4286
vn 0.4286 0.7954 0.4285
vn -0.0000 -0.4987 0.8668
vn 0.6129 -0.4987 0.6129
vn 0.8668 -0.4987 -0.0000
vn -0.6129 -0.4987 0.6129
vn 0.6129 -0.4987 -0.6129
vn -0.8668 -0.4987 -0.0000
vn -0.0000 -0.4987 -0.8668
vn -0.8668 -0.4987 0.0001
vn -0.6129 -0.4987 -0.6129
vn -0.6128 -0.4987 -0.6129
vn -0.0000 0.8451 0.5346
vn 0.3780 0.8451 0.3780
vn 0.5346 0.8451 -0.0000
vn -0.3781 0.8450 0.3781
vn 0.3780 0.8451 -0.3780
vn -0.3781 0.8451 0.3781
vn -0.5347 0.8451 0.0001
vn 0.0001 0.8451 -0.5346
vn 0.3780 0.8451 -0.3781
vn -0.5347 0.8450 0.0001
vn -0.3781 0.8450 -0.3780
vn -0.5347 0.8451 -0.0001
vn -0.3781 0.8450 -0.3781
vn -0.0001 0.8451 -0.5346
vn -0.3781 0.8451 -0.3780
vn -0.3780 0.8450 -0.3781
vt 0.000000 0.000000
s 0
f 1471/6/839 1472/6/839 1473/6/839
f 1472/6/839 1471/6/839 1474/6/840
f 1474/6/840 1471/6/841 1475/6/841
f 1476/6/842 1474/6/840 1475/6/839
f 1475/6/839 1477/6/839 1476/6/842
f 1474/6/840 1476/6/842 1478/6/843
f 1476/6/842 1479/6/843 1478/6/843
f 1480/6/844 1474/6/842 1478/6/844
f 1474/6/840 1480/6/843 1481/6/843
f 1481/6/843 1480/6/843 1482/6/843
f 1483/6/845 1484/6/845 1485/6/845
f 1486/6/845 1484/6/845 1483/6/845
f 1484/6/845 1486/6/845 1487/6/845
f 1487/6/845 1486/6/845 1488/6/845
f 1486/6/845 1483/6/845 1489/6/845
f 1486/6/845 1489/6/845 1490/6/845
f 1491/6/846 1492/6/847 1493/6/847
f 1492/6/847 1491/6/846 1494/6/846
f 1495/6/848 1493/6/849 1492/6/849
f 1496/6/850 1494/6/846 1491/6/851
f 1493/6/849 1495/6/848 1497/6/852
f 1494/6/851 1496/6/853 1498/6/853
f 1495/6/852 1499/6/854 1497/6/855
f 1500/6/856 1498/6/857 1496/6/857
f 1499/6/854 1495/6/855 1501/6/854
f 1496/6/850 1502/6/856 1500/6/856
f 1503/6/858 1499/6/859 1501/6/859
f 1502/6/860 1504/6/861 1500/6/860
f 1499/6/859 1503/6/858 1505/6/862
f 1504/6/863 1505/6/862 1503/6/862
f 1504/6/861 1502/6/860 1506/6/861
f 1505/6/862 1504/6/863 1506/6/863
f 1507/6/864 1508/6/864 1509/6/864
f 1508/6/864 1507/6/864 1510/6/864
f 1510/6/864 1507/6/864 1511/6/864
f 1508/6/864 1510/6/864 1512/6/864
f 1512/6/864 1510/6/864 1513/6/864
f 1508/6/864 1512/6/864 1514/6/864
f 1515/6/865 1516/6/866 1517/6/866
f 1518/6/867 1517/6/868 1516/6/869
f 1515/6/870 1517/6/866 1519/6/870
f 1517/6/868 1518/6/871 1520/6/867
f 1519/6/872 1521/6/873 1515/6/872
f 1518/6/874 1522/6/875 1520/6/874
f 1521/6/873 1519/6/870 1523/6/873
f 1522/6/875 1518/6/876 1524/6/875
f 1525/6/877 1521/6/873 1523/6/873
f 1526/6/878 1522/6/879 1524/6/880
f 1521/6/873 1525/6/877 1527/6/877
f 1522/6/879 1526/6/881 1528/6/882
f 1529/6/883 1527/6/884 1525/6/877
f 1529/6/885 1528/6/886 1526/6/878
f 1529/6/885 1525/6/877 1530/6/885
f 1528/6/878 1529/6/885 1530/6/885
f 1531/6/887 1532/6/888 1533/6/887
f 1532/6/888 1531/6/887 1534/6/888
f 1533/6/889 1535/6/890 1531/6/889
f 1536/6/891 1532/6/888 1534/6/892
f 1533/6/893 1537/6/890 1535/6/890
f 1534/6/892 1538/6/894 1536/6/894
f 1539/6/895 1535/6/890 1537/6/890
f 1540/6/896 1536/6/897 1538/6/897
f 1535/6/890 1539/6/898 1541/6/898
f 1536/6/891 1540/6/896 1542/6/896
f 1543/6/899 1541/6/900 1539/6/900
f 1544/6/901 1542/6/902 1540/6/902
f 1541/6/900 1543/6/903 1545/6/903
f 1544/6/901 1545/6/903 1543/6/903
f 1545/6/904 1544/6/905 1546/6/905
f 1544/6/906 1540/6/902 1546/6/906
f 1547/6/907 1548/6/908 1549/6/908
f 1550/6/909 1549/6/908 1548/6/908
f 1548/6/908 1547/6/907 1551/6/907
f 1550/6/909 1552/6/909 1549/6/908
f 1553/6/910 1551/6/907 1547/6/907
f 1554/6/911 1552/6/909 1550/6/909
f 1553/6/910 1555/6/910 1551/6/907
f 1552/6/909 1554/6/911 1556/6/911
f 1557/6/912 1555/6/910 1553/6/910
f 1558/6/913 1556/6/911 1554/6/911
f 1557/6/912 1559/6/912 1555/6/910
f 1556/6/911 1558/6/913 1560/6/913
f 1559/6/912 1557/6/912 1561/6/914
f 1559/6/912 1561/6/839 1562/6/839
f 1563/6/842 1559/6/912 1562/6/839
f 1562/6/839 1564/6/842 1563/6/842
f 1565/6/843 1563/6/842 1564/6/842
f 1563/6/842 1565/6/843 1558/6/913
f 1565/6/843 1566/6/843 1558/6/913
f 1560/6/913 1558/6/913 1566/6/843
f 1567/6/839 1561/6/839 1557/6/912
f 1561/6/839 1567/6/839 1568/6/839
f 1568/6/914 1567/6/914 1569/6/914
f 1570/6/842 1567/6/839 1557/6/912
f 1567/6/839 1570/6/842 1571/6/842
f 1570/6/842 1572/6/843 1571/6/842
f 1570/6/842 1560/6/913 1572/6/843
f 1566/6/843 1572/6/843 1560/6/913
f 1572/6/843 1566/6/843 1573/6/843
f 1572/6/844 1573/6/844 1574/6/844
f 1575/6/842 1576/6/913 1577/6/842
f 1576/6/913 1575/6/842 1578/6/913
f 1577/6/842 1579/6/912 1575/6/842
f 1578/6/913 1580/6/911 1576/6/913
f 1579/6/912 1577/6/915 1581/6/912
f 1580/6/911 1578/6/913 1582/6/911
f 1583/6/910 1579/6/912 1581/6/912
f 1582/6/911 1584/6/909 1580/6/911
f 1581/6/912 1585/6/910 1583/6/910
f 1584/6/909 1582/6/911 1586/6/909
f 1587/6/907 1583/6/910 1585/6/910
f 1586/6/909 1588/6/916 1584/6/909
f 1585/6/910 1589/6/907 1587/6/907
f 1588/6/908 1586/6/909 1590/6/908
f 1589/6/907 1590/6/908 1587/6/907
f 1590/6/908 1589/6/907 1588/6/908
f 1591/6/910 1592/6/910 1593/6/907
f 1592/6/910 1594/6/907 1593/6/907
f 1595/6/912 1592/6/910 1591/6/910
f 1594/6/907 1596/6/908 1593/6/907
f 1597/6/912 1595/6/912 1591/6/910
f 1596/6/908 1594/6/907 1598/6/908
f 1597/6/912 1599/6/842 1595/6/912
f 1598/6/908 1600/6/909 1596/6/908
f 1599/6/842 1597/6/912 1601/6/842
f 1600/6/909 1598/6/908 1602/6/909
f 1601/6/842 1603/6/913 1599/6/842
f 1602/6/909 1604/6/911 1600/6/909
f 1603/6/913 1601/6/842 1605/6/913
f 1604/6/911 1602/6/909 1606/6/911
f 1605/6/913 1606/6/911 1603/6/913
f 1606/6/911 1605/6/913 1604/6/911
f 1607/6/908 1608/6/908 1609/6/907
f 1608/6/908 1610/6/907 1609/6/907
f 1611/6/909 1608/6/908 1607/6/908
f 1610/6/907 1612/6/910 1609/6/907
f 1613/6/909 1611/6/909 1607/6/908
f 1612/6/910 1610/6/907 1614/6/910
f 1615/6/911 1611/6/909 1613/6/909
f 1614/6/910 1616/6/912 1612/6/910
f 1617/6/911 1615/6/911 1613/6/909
f 1616/6/912 1614/6/910 1618/6/912
f 1619/6/913 1615/6/911 1617/6/911
f 1616/6/912 1618/6/912 1620/6/842
f 1621/6/913 1619/6/913 1617/6/911
f 1618/6/912 1622/6/842 1620/6/842
f 1622/6/842 1619/6/913 1621/6/913
f 1620/6/842 1622/6/842 1621/6/913
f 1623/6/917 1624/6/918 1625/6/918
f 1624/6/918 1626/6/919 1625/6/918
f 1624/6/918 1623/6/920 1627/6/920
f 1626/6/919 1624/6/918 1628/6/919
f 1629/6/921 1627/6/920 1623/6/920
f 1630/6/922 1626/6/919 1628/6/919
f 1623/6/923 1631/6/921 1629/6/921
f 1626/6/924 1630/6/925 1632/6/922
f 1631/6/921 1633/6/926 1629/6/921
f 1634/6/927 1632/6/928 1630/6/928
f 1631/6/929 1635/6/926 1633/6/926
f 1632/6/930 1634/6/927 1636/6/927
f 1635/6/926 1637/6/931 1633/6/926
f 1637/6/932 1636/6/927 1634/6/927
f 1635/6/926 1638/6/933 1637/6/933
f 1636/6/927 1637/6/934 1638/6/934
f 1639/6/935 1640/6/936 1641/6/936
f 1642/6/937 1641/6/936 1640/6/936
f 1640/6/936 1639/6/935 1643/6/935
f 1640/6/936 1644/6/937 1642/6/937
f 1645/6/938 1643/6/935 1639/6/935
f 1646/6/939 1642/6/937 1644/6/937
f 1639/6/935 1647/6/938 1645/6/938
f 1642/6/937 1646/6/939 1648/6/939
f 1649/6/940 1645/6/938 1647/6/938
f 1650/6/941 1648/6/939 1646/6/939
f 1645/6/938 1649/6/942 1651/6/942
f 1646/6/939 1652/6/941 1650/6/941
f 1649/6/940 1653/6/943 1651/6/940
f 1653/6/944 1650/6/941 1652/6/941
f 1649/6/940 1654/6/943 1653/6/943
f 1650/6/941 1653/6/943 1654/6/943
f 1655/6/945 1656/6/946 1657/6/946
f 1658/6/947 1657/6/946 1656/6/946
f 1655/6/945 1657/6/946 1659/6/945
f 1657/6/946 1658/6/947 1660/6/947
f 1661/6/948 1655/6/945 1659/6/945
f 1658/6/947 1662/6/949 1660/6/947
f 1655/6/945 1661/6/950 1663/6/948
f 1658/6/947 1664/6/949 1662/6/949
f 1665/6/951 1663/6/948 1661/6/950
f 1666/6/952 1662/6/953 1664/6/949
f 1663/6/948 1665/6/951 1667/6/954
f 1664/6/953 1668/6/952 1666/6/952
f 1669/6/955 1667/6/956 1665/6/956
f 1669/6/957 1666/6/958 1668/6/958
f 1669/6/959 1665/6/956 1670/6/959
f 1666/6/958 1669/6/960 1670/6/957
o RenderMesh_100857546442643.004
v 1.107996 0.127872 -0.231197
v 1.110425 0.179908 -0.230190
v 1.121202 0.153890 -0.225726
v 1.084395 0.190680 -0.240973
v 1.103963 0.124388 -0.232868
v 1.084395 0.035907 -0.240973
v 1.115915 0.046719 -0.227917
v 1.064851 0.124388 -0.232877
v 1.052899 0.046719 -0.227927
v 1.060818 0.127872 -0.231207
v 1.058389 0.179908 -0.230201
v 1.047612 0.153890 -0.225737
v 1.126533 0.342753 -0.207811
v 1.126533 0.342753 -0.123557
v 1.143983 0.342753 -0.165684
v 1.024831 0.342753 -0.165684
v 1.084407 0.342753 -0.106108
v 1.042280 0.342753 -0.123557
v 1.084407 0.342753 -0.225260
v 1.042280 0.342753 -0.207811
v 1.024661 0.331855 -0.105939
v 1.024831 0.342753 -0.165684
v 0.999914 0.331855 -0.165684
v 1.042280 0.342753 -0.123557
v 1.042280 0.342753 -0.207811
v 1.084407 0.331855 -0.081191
v 1.024661 0.331855 -0.225430
v 1.084407 0.342753 -0.106108
v 1.084407 0.331855 -0.250177
v 1.126533 0.342753 -0.123557
v 1.084407 0.342753 -0.225260
v 1.144152 0.331855 -0.105939
v 1.126533 0.342753 -0.207811
v 1.143983 0.342753 -0.165684
v 1.144152 0.331855 -0.225430
v 1.168900 0.331855 -0.165684
v 1.138241 -0.094563 -0.219519
v 1.030572 -0.094563 -0.219519
v 1.084407 -0.094563 -0.241818
v 1.138241 -0.094563 -0.111850
v 1.160540 -0.094563 -0.165684
v 1.030572 -0.094563 -0.111850
v 1.084407 -0.094563 -0.089551
v 1.008273 -0.094563 -0.165684
v 1.143625 -0.089746 -0.224902
v 1.168154 -0.089746 -0.165684
v 1.160540 -0.094563 -0.165684
v 1.143625 -0.089746 -0.106466
v 1.138241 -0.094563 -0.219519
v 1.138241 -0.094563 -0.111850
v 1.084407 -0.089746 -0.249431
v 1.084407 -0.094563 -0.089551
v 1.084407 -0.094563 -0.241818
v 1.084407 -0.089746 -0.081937
v 1.030572 -0.094563 -0.219519
v 1.025189 -0.089746 -0.106466
v 1.025189 -0.089746 -0.224902
v 1.030572 -0.094563 -0.111850
v 1.000660 -0.089746 -0.165684
v 1.008273 -0.094563 -0.165684
v 1.015401 0.014571 -0.165684
v 1.030572 0.020001 -0.111850
v 1.008273 0.020001 -0.165684
v 1.035612 0.014571 -0.116889
v 1.035612 0.014571 -0.214479
v 1.084407 0.020001 -0.089551
v 1.030572 0.020001 -0.219519
v 1.084407 0.014571 -0.096678
v 1.084407 0.020001 -0.241818
v 1.133202 0.014571 -0.116889
v 1.084407 0.014571 -0.234690
v 1.138241 0.020001 -0.111850
v 1.138241 0.020001 -0.219519
v 1.160540 0.020001 -0.165684
v 1.133202 0.014571 -0.214479
v 1.153413 0.014571 -0.165684
v 1.138241 0.020001 -0.111850
v 1.084407 0.222278 -0.089551
v 1.084407 0.020001 -0.089551
v 1.030572 0.222278 -0.111850
v 1.138241 0.222278 -0.111850
v 1.030572 0.020001 -0.111850
v 1.160540 0.020001 -0.165684
v 1.008273 0.222278 -0.165684
v 1.160540 0.222278 -0.165684
v 1.008273 0.020001 -0.165684
v 1.138241 0.020001 -0.219519
v 1.030572 0.222278 -0.219519
v 1.138241 0.222278 -0.219519
v 1.030572 0.020001 -0.219519
v 1.121214 0.154460 -0.226571
v 1.110438 0.180478 -0.231035
v 1.084407 0.222278 -0.241818
v 1.084407 0.191250 -0.241818
v 1.058401 0.180478 -0.231046
v 1.047624 0.154460 -0.226582
v 1.115927 0.047291 -0.228761
v 1.108008 0.128442 -0.232042
v 1.103975 0.124958 -0.233712
v 1.084407 0.020001 -0.241818
v 1.084407 0.036477 -0.241818
v 1.052911 0.047291 -0.228772
v 1.060830 0.128442 -0.232052
v 1.064863 0.124958 -0.233722
v 1.084407 -0.089746 -0.249431
v 1.025189 -0.073804 -0.224902
v 1.084407 -0.073804 -0.249431
v 1.025189 -0.089746 -0.224902
v 1.143625 -0.089746 -0.224902
v 1.000660 -0.073804 -0.165684
v 1.143625 -0.073804 -0.224902
v 1.000660 -0.089746 -0.165684
v 1.168154 -0.089746 -0.165684
v 1.025189 -0.073804 -0.106466
v 1.168154 -0.073804 -0.165684
v 1.025189 -0.089746 -0.106466
v 1.143625 -0.089746 -0.106466
v 1.084407 -0.073804 -0.081937
v 1.143625 -0.073804 -0.106466
v 1.084407 -0.089746 -0.081937
v 1.160540 -0.068987 -0.165684
v 1.160540 0.009140 -0.165684
v 1.138241 -0.068987 -0.111850
v 1.138241 0.009140 -0.111850
v 1.138241 0.009140 -0.219519
v 1.084407 -0.068987 -0.089551
v 1.138241 -0.068987 -0.219519
v 1.084407 0.009140 -0.089551
v 1.084407 0.009140 -0.241818
v 1.030572 -0.068987 -0.111850
v 1.084407 -0.068987 -0.241818
v 1.030572 0.009140 -0.111850
v 1.030572 0.009140 -0.219519
v 1.008273 -0.068987 -0.165684
v 1.030572 -0.068987 -0.219519
v 1.008273 0.009140 -0.165684
v 1.084407 0.331855 -0.081191
v 1.084407 0.236808 -0.081191
v 1.144152 0.331855 -0.105939
v 1.144152 0.236808 -0.105939
v 1.024661 0.236808 -0.105939
v 1.168900 0.331855 -0.165684
v 1.024661 0.331855 -0.105939
v 1.168900 0.236808 -0.165684
v 0.999914 0.236808 -0.165684
v 1.144152 0.331855 -0.225430
v 0.999914 0.331855 -0.165684
v 1.144152 0.236808 -0.225430
v 1.024661 0.236808 -0.225430
v 1.084407 0.331855 -0.250177
v 1.024661 0.331855 -0.225430
v 1.084407 0.236808 -0.250177
v 1.160540 0.009140 -0.165684
v 1.133202 0.014571 -0.116889
v 1.138241 0.009140 -0.111850
v 1.084407 0.009140 -0.089551
v 1.153413 0.014571 -0.165684
v 1.084407 0.014571 -0.096678
v 1.133202 0.014571 -0.214479
v 1.035612 0.014571 -0.116889
v 1.138241 0.009140 -0.219519
v 1.030572 0.009140 -0.111850
v 1.084407 0.014571 -0.234690
v 1.015401 0.014571 -0.165684
v 1.084407 0.009140 -0.241818
v 1.008273 0.009140 -0.165684
v 1.035612 0.014571 -0.214479
v 1.030572 0.009140 -0.219519
v 1.084407 0.236808 -0.250177
v 1.030572 0.222278 -0.219519
v 1.024661 0.236808 -0.225430
v 0.999914 0.236808 -0.165684
v 1.084407 0.222278 -0.241818
v 1.008273 0.222278 -0.165684
v 1.138241 0.222278 -0.219519
v 1.030572 0.222278 -0.111850
v 1.144152 0.236808 -0.225430
v 1.024661 0.236808 -0.105939
v 1.168900 0.236808 -0.165684
v 1.084407 0.236808 -0.081191
v 1.160540 0.222278 -0.165684
v 1.084407 0.222278 -0.089551
v 1.138241 0.222278 -0.111850
v 1.144152 0.236808 -0.105939
v 1.084407 -0.073804 -0.249431
v 1.025189 -0.073804 -0.224902
v 1.030572 -0.068987 -0.219519
v 1.000660 -0.073804 -0.165684
v 1.084407 -0.068987 -0.241818
v 1.008273 -0.068987 -0.165684
v 1.138241 -0.068987 -0.219519
v 1.030572 -0.068987 -0.111850
v 1.143625 -0.073804 -0.224902
v 1.025189 -0.073804 -0.106466
v 1.160540 -0.068987 -0.165684
v 1.084407 -0.068987 -0.089551
v 1.168154 -0.073804 -0.165684
v 1.084407 -0.073804 -0.081937
v 1.143625 -0.073804 -0.106466
v 1.138241 -0.068987 -0.111850
vn 0.3827 -0.0000 -0.9239
vn 0.0001 -0.0000 -1.0000
vn 0.3828 -0.0000 -0.9238
vn -0.0000 -0.0000 -1.0000
vn -0.3827 -0.0000 -0.9239
vn -0.3826 -0.0000 -0.9239
vn -0.0000 1.0000 -0.0000
vn -0.2833 0.9162 0.2833
vn -0.4007 0.9162 0.0001
vn -0.2834 0.9162 -0.2833
vn -0.4007 0.9162 -0.0001
vn -0.0000 0.9162 0.4007
vn -0.2833 0.9162 0.2834
vn -0.2833 0.9162 -0.2833
vn -0.0001 0.9162 0.4007
vn -0.0001 0.9162 -0.4007
vn -0.2833 0.9162 -0.2834
vn 0.2833 0.9162 0.2834
vn 0.0001 0.9162 0.4007
vn 0.2833 0.9162 -0.2834
vn 0.0001 0.9162 -0.4007
vn 0.2833 0.9162 0.2833
vn 0.4007 0.9162 0.0001
vn 0.2833 0.9162 -0.2833
vn 0.4007 0.9162 -0.0001
vn -0.0000 -1.0000 -0.0000
vn 0.3781 -0.8450 -0.3780
vn 0.5347 -0.8451 -0.0001
vn 0.3781 -0.8450 0.3781
vn 0.5347 -0.8451 0.0001
vn 0.5347 -0.8450 0.0001
vn 0.3781 -0.8450 -0.3781
vn 0.3781 -0.8450 0.3780
vn 0.3781 -0.8451 -0.3781
vn -0.0000 -0.8451 -0.5347
vn 0.3780 -0.8451 0.3781
vn 0.0001 -0.8451 0.5347
vn 0.3780 -0.8450 0.3781
vn -0.3781 -0.8450 -0.3781
vn -0.3781 -0.8450 0.3781
vn -0.0001 -0.8451 0.5347
vn -0.0001 -0.8450 0.5347
vn -0.3780 -0.8450 0.3781
vn -0.3780 -0.8451 0.3781
vn -0.5347 -0.8450 -0.0000
vn -0.3781 -0.8451 -0.3781
vn -0.5347 -0.8451 -0.0000
vn -0.3781 -0.8451 0.3781
vn -0.6061 -0.7954 0.0001
vn -0.4285 -0.7954 0.4286
vn -0.6061 -0.7954 -0.0000
vn -0.4285 -0.7954 -0.4286
vn -0.0000 -0.7954 0.6061
vn -0.4285 -0.7954 0.4287
vn -0.6061 -0.7954 -0.0001
vn -0.0001 -0.7954 0.6061
vn -0.0001 -0.7954 -0.6061
vn 0.4285 -0.7954 0.4286
vn 0.0001 -0.7954 0.6061
vn -0.0000 -0.7954 -0.6061
vn 0.4285 -0.7954 -0.4286
vn 0.0001 -0.7954 -0.6061
vn 0.6061 -0.7954 -0.0000
vn 0.4286 -0.7954 0.4285
vn 0.4285 -0.7954 -0.4285
vn 0.4286 -0.7954 -0.4285
vn 0.6061 -0.7954 -0.0001
vn 0.6061 -0.7954 0.0001
vn 0.7071 -0.0000 0.7071
vn -0.0000 -0.0000 1.0000
vn -0.7071 -0.0000 0.7071
vn 1.0000 -0.0000 -0.0000
vn -1.0000 -0.0000 -0.0000
vn 0.7071 -0.0000 -0.7071
vn -0.7071 -0.0000 -0.7071
vn 0.3826 -0.0000 -0.9239
vn -0.0000 -0.0002 -1.0000
vn -0.0000 -0.0002 1.0000
vn 0.6061 0.7954 0.0001
vn 0.4285 0.7954 0.4286
vn -0.0000 0.7954 0.6061
vn 0.6061 0.7954 -0.0000
vn 0.4285 0.7954 -0.4286
vn -0.4285 0.7954 0.4286
vn 0.6061 0.7954 -0.0001
vn -0.0001 0.7954 0.6061
vn -0.4285 0.7955 0.4286
vn -0.0000 0.7954 -0.6061
vn -0.6060 0.7954 -0.0000
vn -0.4286 0.7954 0.4285
vn 0.4285 0.7954 -0.4287
vn -0.4285 0.7954 0.4285
vn -0.4285 0.7954 -0.4285
vn -0.4285 0.7955 -0.4285
vn -0.4285 0.7954 -0.4286
vn -0.4286 0.7954 -0.4285
vn -0.0000 -0.4987 -0.8668
vn -0.6129 -0.4987 -0.6129
vn -0.8668 -0.4987 -0.0000
vn 0.6129 -0.4987 -0.6129
vn -0.6129 -0.4987 0.6129
vn 0.8668 -0.4987 -0.0000
vn -0.0000 -0.4987 0.8668
vn 0.8668 -0.4987 -0.0001
vn 0.6129 -0.4987 0.6129
vn 0.6128 -0.4987 0.6129
vn -0.0000 0.8451 -0.5346
vn -0.3780 0.8451 -0.3780
vn -0.5346 0.8451 -0.0000
vn 0.3781 0.8450 -0.3781
vn -0.3780 0.8451 0.3780
vn 0.3781 0.8451 -0.3781
vn 0.5347 0.8451 -0.0001
vn -0.0001 0.8451 0.5346
vn -0.3780 0.8451 0.3781
vn 0.5347 0.8450 -0.0001
vn 0.3781 0.8450 0.3780
vn 0.5347 0.8451 0.0001
vn 0.3781 0.8450 0.3781
vn 0.0001 0.8451 0.5346
vn 0.3781 0.8451 0.3780
vn 0.3780 0.8450 0.3781
vt 0.000000 0.000000
s 0
f 1671/7/961 1672/7/961 1673/7/961
f 1672/7/961 1671/7/961 1674/7/962
f 1674/7/962 1671/7/963 1675/7/963
f 1676/7/964 1674/7/962 1675/7/961
f 1675/7/961 1677/7/961 1676/7/964
f 1674/7/962 1676/7/964 1678/7/965
f 1676/7/964 1679/7/965 1678/7/965
f 1680/7/966 1674/7/964 1678/7/966
f 1674/7/962 1680/7/965 1681/7/965
f 1681/7/965 1680/7/965 1682/7/965
f 1683/7/967 1684/7/967 1685/7/967
f 1686/7/967 1684/7/967 1683/7/967
f 1684/7/967 1686/7/967 1687/7/967
f 1687/7/967 1686/7/967 1688/7/967
f 1686/7/967 1683/7/967 1689/7/967
f 1686/7/967 1689/7/967 1690/7/967
f 1691/7/968 1692/7/969 1693/7/969
f 1692/7/969 1691/7/968 1694/7/968
f 1695/7/970 1693/7/971 1692/7/971
f 1696/7/972 1694/7/968 1691/7/973
f 1693/7/971 1695/7/970 1697/7/974
f 1694/7/973 1696/7/975 1698/7/975
f 1695/7/974 1699/7/976 1697/7/977
f 1700/7/978 1698/7/979 1696/7/979
f 1699/7/976 1695/7/977 1701/7/976
f 1696/7/972 1702/7/978 1700/7/978
f 1703/7/980 1699/7/981 1701/7/981
f 1702/7/982 1704/7/983 1700/7/982
f 1699/7/981 1703/7/980 1705/7/984
f 1704/7/985 1705/7/984 1703/7/984
f 1704/7/983 1702/7/982 1706/7/983
f 1705/7/984 1704/7/985 1706/7/985
f 1707/7/986 1708/7/986 1709/7/986
f 1708/7/986 1707/7/986 1710/7/986
f 1710/7/986 1707/7/986 1711/7/986
f 1708/7/986 1710/7/986 1712/7/986
f 1712/7/986 1710/7/986 1713/7/986
f 1708/7/986 1712/7/986 1714/7/986
f 1715/7/987 1716/7/988 1717/7/988
f 1718/7/989 1717/7/990 1716/7/991
f 1715/7/992 1717/7/988 1719/7/992
f 1717/7/990 1718/7/993 1720/7/989
f 1719/7/994 1721/7/995 1715/7/994
f 1718/7/996 1722/7/997 1720/7/996
f 1721/7/995 1719/7/992 1723/7/995
f 1722/7/997 1718/7/998 1724/7/997
f 1725/7/999 1721/7/995 1723/7/995
f 1726/7/1000 1722/7/1001 1724/7/1002
f 1721/7/995 1725/7/999 1727/7/999
f 1722/7/1001 1726/7/1003 1728/7/1004
f 1729/7/1005 1727/7/1006 1725/7/999
f 1729/7/1007 1728/7/1008 1726/7/1000
f 1729/7/1007 1725/7/999 1730/7/1007
f 1728/7/1000 1729/7/1007 1730/7/1007
f 1731/7/1009 1732/7/1010 1733/7/1009
f 1732/7/1010 1731/7/1009 1734/7/1010
f 1733/7/1011 1735/7/1012 1731/7/1011
f 1736/7/1013 1732/7/1010 1734/7/1014
f 1733/7/1015 1737/7/1012 1735/7/1012
f 1734/7/1014 1738/7/1016 1736/7/1016
f 1739/7/1017 1735/7/1012 1737/7/1012
f 1740/7/1018 1736/7/1019 1738/7/1019
f 1735/7/1012 1739/7/1020 1741/7/1020
f 1736/7/1013 1740/7/1018 1742/7/1018
f 1743/7/1021 1741/7/1022 1739/7/1022
f 1744/7/1023 1742/7/1024 1740/7/1024
f 1741/7/1022 1743/7/1025 1745/7/1025
f 1744/7/1023 1745/7/1025 1743/7/1025
f 1745/7/1026 1744/7/1027 1746/7/1027
f 1744/7/1028 1740/7/1024 1746/7/1028
f 1747/7/1029 1748/7/1030 1749/7/1030
f 1750/7/1031 1749/7/1030 1748/7/1030
f 1748/7/1030 1747/7/1029 1751/7/1029
f 1750/7/1031 1752/7/1031 1749/7/1030
f 1753/7/1032 1751/7/1029 1747/7/1029
f 1754/7/1033 1752/7/1031 1750/7/1031
f 1753/7/1032 1755/7/1032 1751/7/1029
f 1752/7/1031 1754/7/1033 1756/7/1033
f 1757/7/1034 1755/7/1032 1753/7/1032
f 1758/7/1035 1756/7/1033 1754/7/1033
f 1757/7/1034 1759/7/1034 1755/7/1032
f 1756/7/1033 1758/7/1035 1760/7/1035
f 1759/7/1034 1757/7/1034 1761/7/1036
f 1759/7/1034 1761/7/961 1762/7/961
f 1763/7/964 1759/7/1034 1762/7/961
f 1762/7/961 1764/7/964 1763/7/964
f 1765/7/965 1763/7/964 1764/7/964
f 1763/7/964 1765/7/965 1758/7/1035
f 1765/7/965 1766/7/965 1758/7/1035
f 1760/7/1035 1758/7/1035 1766/7/965
f 1767/7/961 1761/7/961 1757/7/1034
f 1761/7/961 1767/7/961 1768/7/961
f 1768/7/1036 1767/7/1036 1769/7/1036
f 1770/7/964 1767/7/961 1757/7/1034
f 1767/7/961 1770/7/964 1771/7/964
f 1770/7/964 1772/7/965 1771/7/964
f 1770/7/964 1760/7/1035 1772/7/965
f 1766/7/965 1772/7/965 1760/7/1035
f 1772/7/965 1766/7/965 1773/7/965
f 1772/7/966 1773/7/966 1774/7/966
f 1775/7/964 1776/7/1035 1777/7/964
f 1776/7/1035 1775/7/964 1778/7/1035
f 1777/7/964 1779/7/1034 1775/7/964
f 1778/7/1035 1780/7/1033 1776/7/1035
f 1779/7/1034 1777/7/1037 1781/7/1034
f 1780/7/1033 1778/7/1035 1782/7/1033
f 1783/7/1032 1779/7/1034 1781/7/1034
f 1782/7/1033 1784/7/1031 1780/7/1033
f 1781/7/1034 1785/7/1032 1783/7/1032
f 1784/7/1031 1782/7/1033 1786/7/1031
f 1787/7/1029 1783/7/1032 1785/7/1032
f 1786/7/1031 1788/7/1038 1784/7/1031
f 1785/7/1032 1789/7/1029 1787/7/1029
f 1788/7/1030 1786/7/1031 1790/7/1030
f 1789/7/1029 1790/7/1030 1787/7/1029
f 1790/7/1030 1789/7/1029 1788/7/1030
f 1791/7/1032 1792/7/1032 1793/7/1029
f 1792/7/1032 1794/7/1029 1793/7/1029
f 1795/7/1034 1792/7/1032 1791/7/1032
f 1794/7/1029 1796/7/1030 1793/7/1029
f 1797/7/1034 1795/7/1034 1791/7/1032
f 1796/7/1030 1794/7/1029 1798/7/1030
f 1797/7/1034 1799/7/964 1795/7/1034
f 1798/7/1030 1800/7/1031 1796/7/1030
f 1799/7/964 1797/7/1034 1801/7/964
f 1800/7/1031 1798/7/1030 1802/7/1031
f 1801/7/964 1803/7/1035 1799/7/964
f 1802/7/1031 1804/7/1033 1800/7/1031
f 1803/7/1035 1801/7/964 1805/7/1035
f 1804/7/1033 1802/7/1031 1806/7/1033
f 1805/7/1035 1806/7/1033 1803/7/1035
f 1806/7/1033 1805/7/1035 1804/7/1033
f 1807/7/1030 1808/7/1030 1809/7/1029
f 1808/7/1030 1810/7/1029 1809/7/1029
f 1811/7/1031 1808/7/1030 1807/7/1030
f 1810/7/1029 1812/7/1032 1809/7/1029
f 1813/7/1031 1811/7/1031 1807/7/1030
f 1812/7/1032 1810/7/1029 1814/7/1032
f 1815/7/1033 1811/7/1031 1813/7/1031
f 1814/7/1032 1816/7/1034 1812/7/1032
f 1817/7/1033 1815/7/1033 1813/7/1031
f 1816/7/1034 1814/7/1032 1818/7/1034
f 1819/7/1035 1815/7/1033 1817/7/1033
f 1816/7/1034 1818/7/1034 1820/7/964
f 1821/7/1035 1819/7/1035 1817/7/1033
f 1818/7/1034 1822/7/964 1820/7/964
f 1822/7/964 1819/7/1035 1821/7/1035
f 1820/7/964 1822/7/964 1821/7/1035
f 1823/7/1039 1824/7/1040 1825/7/1040
f 1824/7/1040 1826/7/1041 1825/7/1040
f 1824/7/1040 1823/7/1042 1827/7/1042
f 1826/7/1041 1824/7/1040 1828/7/1041
f 1829/7/1043 1827/7/1042 1823/7/1042
f 1830/7/1044 1826/7/1041 1828/7/1041
f 1823/7/1045 1831/7/1043 1829/7/1043
f 1826/7/1046 1830/7/1047 1832/7/1044
f 1831/7/1043 1833/7/1048 1829/7/1043
f 1834/7/1049 1832/7/1050 1830/7/1050
f 1831/7/1051 1835/7/1048 1833/7/1048
f 1832/7/1052 1834/7/1049 1836/7/1049
f 1835/7/1048 1837/7/1053 1833/7/1048
f 1837/7/1054 1836/7/1049 1834/7/1049
f 1835/7/1048 1838/7/1055 1837/7/1055
f 1836/7/1049 1837/7/1056 1838/7/1056
f 1839/7/1057 1840/7/1058 1841/7/1058
f 1842/7/1059 1841/7/1058 1840/7/1058
f 1840/7/1058 1839/7/1057 1843/7/1057
f 1840/7/1058 1844/7/1059 1842/7/1059
f 1845/7/1060 1843/7/1057 1839/7/1057
f 1846/7/1061 1842/7/1059 1844/7/1059
f 1839/7/1057 1847/7/1060 1845/7/1060
f 1842/7/1059 1846/7/1061 1848/7/1061
f 1849/7/1062 1845/7/1060 1847/7/1060
f 1850/7/1063 1848/7/1061 1846/7/1061
f 1845/7/1060 1849/7/1064 1851/7/1064
f 1846/7/1061 1852/7/1063 1850/7/1063
f 1849/7/1062 1853/7/1065 1851/7/1062
f 1853/7/1066 1850/7/1063 1852/7/1063
f 1849/7/1062 1854/7/1065 1853/7/1065
f 1850/7/1063 1853/7/1065 1854/7/1065
f 1855/7/1067 1856/7/1068 1857/7/1068
f 1858/7/1069 1857/7/1068 1856/7/1068
f 1855/7/1067 1857/7/1068 1859/7/1067
f 1857/7/1068 1858/7/1069 1860/7/1069
f 1861/7/1070 1855/7/1067 1859/7/1067
f 1858/7/1069 1862/7/1071 1860/7/1069
f 1855/7/1067 1861/7/1072 1863/7/1070
f 1858/7/1069 1864/7/1071 1862/7/1071
f 1865/7/1073 1863/7/1070 1861/7/1072
f 1866/7/1074 1862/7/1075 1864/7/1071
f 1863/7/1070 1865/7/1073 1867/7/1076
f 1864/7/1075 1868/7/1074 1866/7/1074
f 1869/7/1077 1867/7/1078 1865/7/1078
f 1869/7/1079 1866/7/1080 1868/7/1080
f 1869/7/1081 1865/7/1078 1870/7/1081
f 1866/7/1080 1869/7/1082 1870/7/1079
o RenderMesh_100857546442643.005
v 0.938072 0.127872 -0.231197
v 0.940501 0.179908 -0.230190
v 0.951278 0.153890 -0.225726
v 0.914471 0.190680 -0.240973
v 0.934039 0.124388 -0.232868
v 0.914471 0.035907 -0.240973
v 0.945991 0.046719 -0.227917
v 0.894927 0.124388 -0.232877
v 0.882975 0.046719 -0.227927
v 0.890894 0.127872 -0.231207
v 0.888465 0.179908 -0.230201
v 0.877688 0.153890 -0.225737
v 0.956609 0.342753 -0.207811
v 0.956609 0.342753 -0.123557
v 0.974059 0.342753 -0.165684
v 0.854907 0.342753 -0.165684
v 0.914483 0.342753 -0.106108
v 0.872356 0.342753 -0.123557
v 0.914483 0.342753 -0.225260
v 0.872356 0.342753 -0.207811
v 0.854737 0.331855 -0.105939
v 0.854907 0.342753 -0.165684
v 0.829990 0.331855 -0.165684
v 0.872356 0.342753 -0.123557
v 0.872356 0.342753 -0.207811
v 0.914483 0.331855 -0.081191
v 0.854737 0.331855 -0.225430
v 0.914483 0.342753 -0.106108
v 0.914483 0.331855 -0.250177
v 0.956609 0.342753 -0.123557
v 0.914483 0.342753 -0.225260
v 0.974228 0.331855 -0.105939
v 0.956609 0.342753 -0.207811
v 0.974059 0.342753 -0.165684
v 0.974228 0.331855 -0.225430
v 0.998976 0.331855 -0.165684
v 0.968317 -0.094563 -0.219519
v 0.860648 -0.094563 -0.219519
v 0.914483 -0.094563 -0.241818
v 0.968317 -0.094563 -0.111850
v 0.990616 -0.094563 -0.165684
v 0.860648 -0.094563 -0.111850
v 0.914483 -0.094563 -0.089551
v 0.838349 -0.094563 -0.165684
v 0.973701 -0.089746 -0.224902
v 0.998230 -0.089746 -0.165684
v 0.990616 -0.094563 -0.165684
v 0.973701 -0.089746 -0.106466
v 0.968317 -0.094563 -0.219519
v 0.968317 -0.094563 -0.111850
v 0.914483 -0.089746 -0.249431
v 0.914483 -0.094563 -0.089551
v 0.914483 -0.094563 -0.241818
v 0.914483 -0.089746 -0.081937
v 0.860648 -0.094563 -0.219519
v 0.855265 -0.089746 -0.106466
v 0.855265 -0.089746 -0.224902
v 0.860648 -0.094563 -0.111850
v 0.830736 -0.089746 -0.165684
v 0.838349 -0.094563 -0.165684
v 0.845477 0.014571 -0.165684
v 0.860648 0.020001 -0.111850
v 0.838349 0.020001 -0.165684
v 0.865688 0.014571 -0.116889
v 0.865688 0.014571 -0.214479
v 0.914483 0.020001 -0.089551
v 0.860648 0.020001 -0.219519
v 0.914483 0.014571 -0.096678
v 0.914483 0.020001 -0.241818
v 0.963278 0.014571 -0.116889
v 0.914483 0.014571 -0.234690
v 0.968317 0.020001 -0.111850
v 0.968317 0.020001 -0.219519
v 0.990616 0.020001 -0.165684
v 0.963278 0.014571 -0.214479
v 0.983489 0.014571 -0.165684
v 0.968317 0.020001 -0.111850
v 0.914483 0.222278 -0.089551
v 0.914483 0.020001 -0.089551
v 0.860648 0.222278 -0.111850
v 0.968317 0.222278 -0.111850
v 0.860648 0.020001 -0.111850
v 0.990616 0.020001 -0.165684
v 0.838349 0.222278 -0.165684
v 0.990616 0.222278 -0.165684
v 0.838349 0.020001 -0.165684
v 0.968317 0.020001 -0.219519
v 0.860648 0.222278 -0.219519
v 0.968317 0.222278 -0.219519
v 0.860648 0.020001 -0.219519
v 0.951290 0.154460 -0.226571
v 0.940514 0.180478 -0.231035
v 0.914483 0.222278 -0.241818
v 0.914483 0.191250 -0.241818
v 0.888477 0.180478 -0.231046
v 0.877700 0.154460 -0.226582
v 0.946003 0.047291 -0.228761
v 0.938084 0.128442 -0.232042
v 0.934051 0.124958 -0.233712
v 0.914483 0.020001 -0.241818
v 0.914483 0.036477 -0.241818
v 0.882987 0.047291 -0.228772
v 0.890906 0.128442 -0.232052
v 0.894939 0.124958 -0.233722
v 0.914483 -0.089746 -0.249431
v 0.855265 -0.073804 -0.224902
v 0.914483 -0.073804 -0.249431
v 0.855265 -0.089746 -0.224902
v 0.973701 -0.089746 -0.224902
v 0.830736 -0.073804 -0.165684
v 0.973701 -0.073804 -0.224902
v 0.830736 -0.089746 -0.165684
v 0.998230 -0.089746 -0.165684
v 0.855265 -0.073804 -0.106466
v 0.998230 -0.073804 -0.165684
v 0.855265 -0.089746 -0.106466
v 0.973701 -0.089746 -0.106466
v 0.914483 -0.073804 -0.081937
v 0.973701 -0.073804 -0.106466
v 0.914483 -0.089746 -0.081937
v 0.990616 -0.068987 -0.165684
v 0.990616 0.009140 -0.165684
v 0.968317 -0.068987 -0.111850
v 0.968317 0.009140 -0.111850
v 0.968317 0.009140 -0.219519
v 0.914483 -0.068987 -0.089551
v 0.968317 -0.068987 -0.219519
v 0.914483 0.009140 -0.089551
v 0.914483 0.009140 -0.241818
v 0.860648 -0.068987 -0.111850
v 0.914483 -0.068987 -0.241818
v 0.860648 0.009140 -0.111850
v 0.860648 0.009140 -0.219519
v 0.838349 -0.068987 -0.165684
v 0.860648 -0.068987 -0.219519
v 0.838349 0.009140 -0.165684
v 0.914483 0.331855 -0.081191
v 0.914483 0.236808 -0.081191
v 0.974228 0.331855 -0.105939
v 0.974228 0.236808 -0.105939
v 0.854737 0.236808 -0.105939
v 0.998976 0.331855 -0.165684
v 0.854737 0.331855 -0.105939
v 0.998976 0.236808 -0.165684
v 0.829990 0.236808 -0.165684
v 0.974228 0.331855 -0.225430
v 0.829990 0.331855 -0.165684
v 0.974228 0.236808 -0.225430
v 0.854737 0.236808 -0.225430
v 0.914483 0.331855 -0.250177
v 0.854737 0.331855 -0.225430
v 0.914483 0.236808 -0.250177
v 0.990616 0.009140 -0.165684
v 0.963278 0.014571 -0.116889
v 0.968317 0.009140 -0.111850
v 0.914483 0.009140 -0.089551
v 0.983489 0.014571 -0.165684
v 0.914483 0.014571 -0.096678
v 0.963278 0.014571 -0.214479
v 0.865688 0.014571 -0.116889
v 0.968317 0.009140 -0.219519
v 0.860648 0.009140 -0.111850
v 0.914483 0.014571 -0.234690
v 0.845477 0.014571 -0.165684
v 0.914483 0.009140 -0.241818
v 0.838349 0.009140 -0.165684
v 0.865688 0.014571 -0.214479
v 0.860648 0.009140 -0.219519
v 0.914483 0.236808 -0.250177
v 0.860648 0.222278 -0.219519
v 0.854737 0.236808 -0.225430
v 0.829990 0.236808 -0.165684
v 0.914483 0.222278 -0.241818
v 0.838349 0.222278 -0.165684
v 0.968317 0.222278 -0.219519
v 0.860648 0.222278 -0.111850
v 0.974228 0.236808 -0.225430
v 0.854737 0.236808 -0.105939
v 0.998976 0.236808 -0.165684
v 0.914483 0.236808 -0.081191
v 0.990616 0.222278 -0.165684
v 0.914483 0.222278 -0.089551
v 0.968317 0.222278 -0.111850
v 0.974228 0.236808 -0.105939
v 0.914483 -0.073804 -0.249431
v 0.855265 -0.073804 -0.224902
v 0.860648 -0.068987 -0.219519
v 0.830736 -0.073804 -0.165684
v 0.914483 -0.068987 -0.241818
v 0.838349 -0.068987 -0.165684
v 0.968317 -0.068987 -0.219519
v 0.860648 -0.068987 -0.111850
v 0.973701 -0.073804 -0.224902
v 0.855265 -0.073804 -0.106466
v 0.990616 -0.068987 -0.165684
v 0.914483 -0.068987 -0.089551
v 0.998230 -0.073804 -0.165684
v 0.914483 -0.073804 -0.081937
v 0.973701 -0.073804 -0.106466
v 0.968317 -0.068987 -0.111850
vn 0.3827 -0.0000 -0.9239
vn 0.0001 -0.0000 -1.0000
vn 0.3828 -0.0000 -0.9238
vn -0.0000 -0.0000 -1.0000
vn -0.3827 -0.0000 -0.9239
vn -0.3826 -0.0000 -0.9239
vn -0.0000 1.0000 -0.0000
vn -0.2833 0.9162 0.2833
vn -0.4007 0.9162 0.0001
vn -0.2834 0.9162 -0.2833
vn -0.4007 0.9162 -0.0001
vn -0.0000 0.9162 0.4007
vn -0.2833 0.9162 0.2834
vn -0.2833 0.9162 -0.2833
vn -0.0001 0.9162 0.4007
vn -0.0001 0.9162 -0.4007
vn -0.2833 0.9162 -0.2834
vn 0.2833 0.9162 0.2834
vn 0.0001 0.9162 0.4007
vn 0.2833 0.9162 -0.2834
vn 0.0001 0.9162 -0.4007
vn 0.2833 0.9162 0.2833
vn 0.4007 0.9162 0.0001
vn 0.2833 0.9162 -0.2833
vn 0.4007 0.9162 -0.0001
vn -0.0000 -1.0000 -0.0000
vn 0.3781 -0.8450 -0.3780
vn 0.5347 -0.8451 -0.0001
vn 0.3781 -0.8450 0.3781
vn 0.5347 -0.8451 0.0001
vn 0.5347 -0.8450 0.0001
vn 0.3781 -0.8450 -0.3781
vn 0.3781 -0.8450 0.3780
vn 0.3781 -0.8451 -0.3781
vn -0.0000 -0.8451 -0.5347
vn 0.3780 -0.8451 0.3781
vn 0.0001 -0.8451 0.5347
vn 0.3780 -0.8450 0.3781
vn -0.3781 -0.8450 -0.3781
vn -0.3781 -0.8450 0.3781
vn -0.0001 -0.8451 0.5347
vn -0.0001 -0.8450 0.5347
vn -0.3780 -0.8450 0.3781
vn -0.3780 -0.8451 0.3781
vn -0.5347 -0.8450 -0.0000
vn -0.3781 -0.8451 -0.3781
vn -0.5347 -0.8451 -0.0000
vn -0.3781 -0.8451 0.3781
vn -0.6061 -0.7954 0.0001
vn -0.4285 -0.7954 0.4286
vn -0.6061 -0.7954 -0.0000
vn -0.4285 -0.7954 -0.4286
vn -0.0000 -0.7954 0.6061
vn -0.4285 -0.7954 0.4287
vn -0.6061 -0.7954 -0.0001
vn -0.0001 -0.7954 0.6061
vn -0.0001 -0.7954 -0.6061
vn 0.4285 -0.7954 0.4286
vn 0.0001 -0.7954 0.6061
vn -0.0000 -0.7954 -0.6061
vn 0.4285 -0.7954 -0.4286
vn 0.0001 -0.7954 -0.6061
vn 0.6061 -0.7954 -0.0000
vn 0.4286 -0.7954 0.4285
vn 0.4285 -0.7954 -0.4285
vn 0.4286 -0.7954 -0.4285
vn 0.6061 -0.7954 -0.0001
vn 0.6061 -0.7954 0.0001
vn 0.7071 -0.0000 0.7071
vn -0.0000 -0.0000 1.0000
vn -0.7071 -0.0000 0.7071
vn 1.0000 -0.0000 -0.0000
vn -1.0000 -0.0000 -0.0000
vn 0.7071 -0.0000 -0.7071
vn -0.7071 -0.0000 -0.7071
vn 0.3826 -0.0000 -0.9239
vn -0.0000 -0.0002 -1.0000
vn -0.0000 -0.0002 1.0000
vn 0.6061 0.7954 0.0001
vn 0.4285 0.7954 0.4286
vn -0.0000 0.7954 0.6061
vn 0.6061 0.7954 -0.0000
vn 0.4285 0.7954 -0.4286
vn -0.4285 0.7954 0.4286
vn 0.6061 0.7954 -0.0001
vn -0.0001 0.7954 0.6061
vn -0.4285 0.7955 0.4286
vn -0.0000 0.7954 -0.6061
vn -0.6060 0.7954 -0.0000
vn -0.4286 0.7954 0.4285
vn 0.4285 0.7954 -0.4287
vn -0.4285 0.7954 0.4285
vn -0.4285 0.7954 -0.4285
vn -0.4285 0.7955 -0.4285
vn -0.4285 0.7954 -0.4286
vn -0.4286 0.7954 -0.4285
vn -0.0000 -0.4987 -0.8668
vn -0.6129 -0.4987 -0.6129
vn -0.8668 -0.4987 -0.0000
vn 0.6129 -0.4987 -0.6129
vn -0.6129 -0.4987 0.6129
vn 0.8668 -0.4987 -0.0000
vn -0.0000 -0.4987 0.8668
vn 0.8668 -0.4987 -0.0001
vn 0.6129 -0.4987 0.6129
vn 0.6128 -0.4987 0.6129
vn -0.0000 0.8451 -0.5346
vn -0.3780 0.8451 -0.3780
vn -0.5346 0.8451 -0.0000
vn 0.3781 0.8450 -0.3781
vn -0.3780 0.8451 0.3780
vn 0.3781 0.8451 -0.3781
vn 0.5347 0.8451 -0.0001
vn -0.0001 0.8451 0.5346
vn -0.3780 0.8451 0.3781
vn 0.5347 0.8450 -0.0001
vn 0.3781 0.8450 0.3780
vn 0.5347 0.8451 0.0001
vn 0.3781 0.8450 0.3781
vn 0.0001 0.8451 0.5346
vn 0.3781 0.8451 0.3780
vn 0.3780 0.8450 0.3781
vt 0.000000 0.000000
s 0
f 1871/8/1083 1872/8/1083 1873/8/1083
f 1872/8/1083 1871/8/1083 1874/8/1084
f 1874/8/1084 1871/8/1085 1875/8/1085
f 1876/8/1086 1874/8/1084 1875/8/1083
f 1875/8/1083 1877/8/1083 1876/8/1086
f 1874/8/1084 1876/8/1086 1878/8/1087
f 1876/8/1086 1879/8/1087 1878/8/1087
f 1880/8/1088 1874/8/1086 1878/8/1088
f 1874/8/1084 1880/8/1087 1881/8/1087
f 1881/8/1087 1880/8/1087 1882/8/1087
f 1883/8/1089 1884/8/1089 1885/8/1089
f 1886/8/1089 1884/8/1089 1883/8/1089
f 1884/8/1089 1886/8/1089 1887/8/1089
f 1887/8/1089 1886/8/1089 1888/8/1089
f 1886/8/1089 1883/8/1089 1889/8/1089
f 1886/8/1089 1889/8/1089 1890/8/1089
f 1891/8/1090 1892/8/1091 1893/8/1091
f 1892/8/1091 1891/8/1090 1894/8/1090
f 1895/8/1092 1893/8/1093 1892/8/1093
f 1896/8/1094 1894/8/1090 1891/8/1095
f 1893/8/1093 1895/8/1092 1897/8/1096
f 1894/8/1095 1896/8/1097 1898/8/1097
f 1895/8/1096 1899/8/1098 1897/8/1099
f 1900/8/1100 1898/8/1101 1896/8/1101
f 1899/8/1098 1895/8/1099 1901/8/1098
f 1896/8/1094 1902/8/1100 1900/8/1100
f 1903/8/1102 1899/8/1103 1901/8/1103
f 1902/8/1104 1904/8/1105 1900/8/1104
f 1899/8/1103 1903/8/1102 1905/8/1106
f 1904/8/1107 1905/8/1106 1903/8/1106
f 1904/8/1105 1902/8/1104 1906/8/1105
f 1905/8/1106 1904/8/1107 1906/8/1107
f 1907/8/1108 1908/8/1108 1909/8/1108
f 1908/8/1108 1907/8/1108 1910/8/1108
f 1910/8/1108 1907/8/1108 1911/8/1108
f 1908/8/1108 1910/8/1108 1912/8/1108
f 1912/8/1108 1910/8/1108 1913/8/1108
f 1908/8/1108 1912/8/1108 1914/8/1108
f 1915/8/1109 1916/8/1110 1917/8/1110
f 1918/8/1111 1917/8/1112 1916/8/1113
f 1915/8/1114 1917/8/1110 1919/8/1114
f 1917/8/1112 1918/8/1115 1920/8/1111
f 1919/8/1116 1921/8/1117 1915/8/1116
f 1918/8/1118 1922/8/1119 1920/8/1118
f 1921/8/1117 1919/8/1114 1923/8/1117
f 1922/8/1119 1918/8/1120 1924/8/1119
f 1925/8/1121 1921/8/1117 1923/8/1117
f 1926/8/1122 1922/8/1123 1924/8/1124
f 1921/8/1117 1925/8/1121 1927/8/1121
f 1922/8/1123 1926/8/1125 1928/8/1126
f 1929/8/1127 1927/8/1128 1925/8/1121
f 1929/8/1129 1928/8/1130 1926/8/1122
f 1929/8/1129 1925/8/1121 1930/8/1129
f 1928/8/1122 1929/8/1129 1930/8/1129
f 1931/8/1131 1932/8/1132 1933/8/1131
f 1932/8/1132 1931/8/1131 1934/8/1132
f 1933/8/1133 1935/8/1134 1931/8/1133
f 1936/8/1135 1932/8/1132 1934/8/1136
f 1933/8/1137 1937/8/1134 1935/8/1134
f 1934/8/1136 1938/8/1138 1936/8/1138
f 1939/8/1139 1935/8/1134 1937/8/1134
f 1940/8/1140 1936/8/1141 1938/8/1141
f 1935/8/1134 1939/8/1142 1941/8/1142
f 1936/8/1135 1940/8/1140 1942/8/1140
f 1943/8/1143 1941/8/1144 1939/8/1144
f 1944/8/1145 1942/8/1146 1940/8/1146
f 1941/8/1144 1943/8/1147 1945/8/1147
f 1944/8/1145 1945/8/1147 1943/8/1147
f 1945/8/1148 1944/8/1149 1946/8/1149
f 1944/8/1150 1940/8/1146 1946/8/1150
f 1947/8/1151 1948/8/1152 1949/8/1152
f 1950/8/1153 1949/8/1152 1948/8/1152
f 1948/8/1152 1947/8/1151 1951/8/1151
f 1950/8/1153 1952/8/1153 1949/8/1152
f 1953/8/1154 1951/8/1151 1947/8/1151
f 1954/8/1155 1952/8/1153 1950/8/1153
f 1953/8/1154 1955/8/1154 1951/8/1151
f 1952/8/1153 1954/8/1155 1956/8/1155
f 1957/8/1156 1955/8/1154 1953/8/1154
f 1958/8/1157 1956/8/1155 1954/8/1155
f 1957/8/1156 1959/8/1156 1955/8/1154
f 1956/8/1155 1958/8/1157 1960/8/1157
f 1959/8/1156 1957/8/1156 1961/8/1158
f 1959/8/1156 1961/8/1083 1962/8/1083
f 1963/8/1086 1959/8/1156 1962/8/1083
f 1962/8/1083 1964/8/1086 1963/8/1086
f 1965/8/1087 1963/8/1086 1964/8/1086
f 1963/8/1086 1965/8/1087 1958/8/1157
f 1965/8/1087 1966/8/1087 1958/8/1157
f 1960/8/1157 1958/8/1157 1966/8/1087
f 1967/8/1083 1961/8/1083 1957/8/1156
f 1961/8/1083 1967/8/1083 1968/8/1083
f 1968/8/1158 1967/8/1158 1969/8/1158
f 1970/8/1086 1967/8/1083 1957/8/1156
f 1967/8/1083 1970/8/1086 1971/8/1086
f 1970/8/1086 1972/8/1087 1971/8/1086
f 1970/8/1086 1960/8/1157 1972/8/1087
f 1966/8/1087 1972/8/1087 1960/8/1157
f 1972/8/1087 1966/8/1087 1973/8/1087
f 1972/8/1088 1973/8/1088 1974/8/1088
f 1975/8/1086 1976/8/1157 1977/8/1086
f 1976/8/1157 1975/8/1086 1978/8/1157
f 1977/8/1086 1979/8/1156 1975/8/1086
f 1978/8/1157 1980/8/1155 1976/8/1157
f 1979/8/1156 1977/8/1159 1981/8/1156
f 1980/8/1155 1978/8/1157 1982/8/1155
f 1983/8/1154 1979/8/1156 1981/8/1156
f 1982/8/1155 1984/8/1153 1980/8/1155
f 1981/8/1156 1985/8/1154 1983/8/1154
f 1984/8/1153 1982/8/1155 1986/8/1153
f 1987/8/1151 1983/8/1154 1985/8/1154
f 1986/8/1153 1988/8/1160 1984/8/1153
f 1985/8/1154 1989/8/1151 1987/8/1151
f 1988/8/1152 1986/8/1153 1990/8/1152
f 1989/8/1151 1990/8/1152 1987/8/1151
f 1990/8/1152 1989/8/1151 1988/8/1152
f 1991/8/1154 1992/8/1154 1993/8/1151
f 1992/8/1154 1994/8/1151 1993/8/1151
f 1995/8/1156 1992/8/1154 1991/8/1154
f 1994/8/1151 1996/8/1152 1993/8/1151
f 1997/8/1156 1995/8/1156 1991/8/1154
f 1996/8/1152 1994/8/1151 1998/8/1152
f 1997/8/1156 1999/8/1086 1995/8/1156
f 1998/8/1152 2000/8/1153 1996/8/1152
f 1999/8/1086 1997/8/1156 2001/8/1086
f 2000/8/1153 1998/8/1152 2002/8/1153
f 2001/8/1086 2003/8/1157 1999/8/1086
f 2002/8/1153 2004/8/1155 2000/8/1153
f 2003/8/1157 2001/8/1086 2005/8/1157
f 2004/8/1155 2002/8/1153 2006/8/1155
f 2005/8/1157 2006/8/1155 2003/8/1157
f 2006/8/1155 2005/8/1157 2004/8/1155
f 2007/8/1152 2008/8/1152 2009/8/1151
f 2008/8/1152 2010/8/1151 2009/8/1151
f 2011/8/1153 2008/8/1152 2007/8/1152
f 2010/8/1151 2012/8/1154 2009/8/1151
f 2013/8/1153 2011/8/1153 2007/8/1152
f 2012/8/1154 2010/8/1151 2014/8/1154
f 2015/8/1155 2011/8/1153 2013/8/1153
f 2014/8/1154 2016/8/1156 2012/8/1154
f 2017/8/1155 2015/8/1155 2013/8/1153
f 2016/8/1156 2014/8/1154 2018/8/1156
f 2019/8/1157 2015/8/1155 2017/8/1155
f 2016/8/1156 2018/8/1156 2020/8/1086
f 2021/8/1157 2019/8/1157 2017/8/1155
f 2018/8/1156 2022/8/1086 2020/8/1086
f 2022/8/1086 2019/8/1157 2021/8/1157
f 2020/8/1086 2022/8/1086 2021/8/1157
f 2023/8/1161 2024/8/1162 2025/8/1162
f 2024/8/1162 2026/8/1163 2025/8/1162
f 2024/8/1162 2023/8/1164 2027/8/1164
f 2026/8/1163 2024/8/1162 2028/8/1163
f 2029/8/1165 2027/8/1164 2023/8/1164
f 2030/8/1166 2026/8/1163 2028/8/1163
f 2023/8/1167 2031/8/1165 2029/8/1165
f 2026/8/1168 2030/8/1169 2032/8/1166
f 2031/8/1165 2033/8/1170 2029/8/1165
f 2034/8/1171 2032/8/1172 2030/8/1172
f 2031/8/1173 2035/8/1170 2033/8/1170
f 2032/8/1174 2034/8/1171 2036/8/1171
f 2035/8/1170 2037/8/1175 2033/8/1170
f 2037/8/1176 2036/8/1171 2034/8/1171
f 2035/8/1170 2038/8/1177 2037/8/1177
f 2036/8/1171 2037/8/1178 2038/8/1178
f 2039/8/1179 2040/8/1180 2041/8/1180
f 2042/8/1181 2041/8/1180 2040/8/1180
f 2040/8/1180 2039/8/1179 2043/8/1179
f 2040/8/1180 2044/8/1181 2042/8/1181
f 2045/8/1182 2043/8/1179 2039/8/1179
f 2046/8/1183 2042/8/1181 2044/8/1181
f 2039/8/1179 2047/8/1182 2045/8/1182
f 2042/8/1181 2046/8/1183 2048/8/1183
f 2049/8/1184 2045/8/1182 2047/8/1182
f 2050/8/1185 2048/8/1183 2046/8/1183
f 2045/8/1182 2049/8/1186 2051/8/1186
f 2046/8/1183 2052/8/1185 2050/8/1185
f 2049/8/1184 2053/8/1187 2051/8/1184
f 2053/8/1188 2050/8/1185 2052/8/1185
f 2049/8/1184 2054/8/1187 2053/8/1187
f 2050/8/1185 2053/8/1187 2054/8/1187
f 2055/8/1189 2056/8/1190 2057/8/1190
f 2058/8/1191 2057/8/1190 2056/8/1190
f 2055/8/1189 2057/8/1190 2059/8/1189
f 2057/8/1190 2058/8/1191 2060/8/1191
f 2061/8/1192 2055/8/1189 2059/8/1189
f 2058/8/1191 2062/8/1193 2060/8/1191
f 2055/8/1189 2061/8/1194 2063/8/1192
f 2058/8/1191 2064/8/1193 2062/8/1193
f 2065/8/1195 2063/8/1192 2061/8/1194
f 2066/8/1196 2062/8/1197 2064/8/1193
f 2063/8/1192 2065/8/1195 2067/8/1198
f 2064/8/1197 2068/8/1196 2066/8/1196
f 2069/8/1199 2067/8/1200 2065/8/1200
f 2069/8/1201 2066/8/1202 2068/8/1202
f 2069/8/1203 2065/8/1200 2070/8/1203
f 2066/8/1202 2069/8/1204 2070/8/1201
o RenderMesh_100857546442643.006
v 0.766385 0.127872 -0.231197
v 0.768814 0.179908 -0.230190
v 0.779591 0.153890 -0.225726
v 0.742784 0.190680 -0.240973
v 0.762352 0.124388 -0.232868
v 0.742784 0.035907 -0.240973
v 0.774304 0.046719 -0.227917
v 0.723240 0.124388 -0.232877
v 0.711288 0.046719 -0.227927
v 0.719207 0.127872 -0.231207
v 0.716778 0.179908 -0.230201
v 0.706001 0.153890 -0.225737
v 0.784922 0.342753 -0.207811
v 0.784922 0.342753 -0.123557
v 0.802372 0.342753 -0.165684
v 0.683220 0.342753 -0.165684
v 0.742796 0.342753 -0.106108
v 0.700669 0.342753 -0.123557
v 0.742796 0.342753 -0.225260
v 0.700669 0.342753 -0.207811
v 0.683050 0.331855 -0.105939
v 0.683220 0.342753 -0.165684
v 0.658303 0.331855 -0.165684
v 0.700669 0.342753 -0.123557
v 0.700669 0.342753 -0.207811
v 0.742796 0.331855 -0.081191
v 0.683050 0.331855 -0.225430
v 0.742796 0.342753 -0.106108
v 0.742796 0.331855 -0.250177
v 0.784922 0.342753 -0.123557
v 0.742796 0.342753 -0.225260
v 0.802541 0.331855 -0.105939
v 0.784922 0.342753 -0.207811
v 0.802372 0.342753 -0.165684
v 0.802541 0.331855 -0.225430
v 0.827289 0.331855 -0.165684
v 0.796630 -0.094563 -0.219519
v 0.688961 -0.094563 -0.219519
v 0.742796 -0.094563 -0.241818
v 0.796630 -0.094563 -0.111850
v 0.818929 -0.094563 -0.165684
v 0.688961 -0.094563 -0.111850
v 0.742796 -0.094563 -0.089551
v 0.666662 -0.094563 -0.165684
v 0.802014 -0.089746 -0.224902
v 0.826543 -0.089746 -0.165684
v 0.818929 -0.094563 -0.165684
v 0.802014 -0.089746 -0.106466
v 0.796630 -0.094563 -0.219519
v 0.796630 -0.094563 -0.111850
v 0.742796 -0.089746 -0.249431
v 0.742796 -0.094563 -0.089551
v 0.742796 -0.094563 -0.241818
v 0.742796 -0.089746 -0.081937
v 0.688961 -0.094563 -0.219519
v 0.683578 -0.089746 -0.106466
v 0.683578 -0.089746 -0.224902
v 0.688961 -0.094563 -0.111850
v 0.659049 -0.089746 -0.165684
v 0.666662 -0.094563 -0.165684
v 0.673790 0.014571 -0.165684
v 0.688961 0.020001 -0.111850
v 0.666662 0.020001 -0.165684
v 0.694001 0.014571 -0.116889
v 0.694001 0.014571 -0.214479
v 0.742796 0.020001 -0.089551
v 0.688961 0.020001 -0.219519
v 0.742796 0.014571 -0.096678
v 0.742796 0.020001 -0.241818
v 0.791591 0.014571 -0.116889
v 0.742796 0.014571 -0.234690
v 0.796630 0.020001 -0.111850
v 0.796630 0.020001 -0.219519
v 0.818929 0.020001 -0.165684
v 0.791591 0.014571 -0.214479
v 0.811802 0.014571 -0.165684
v 0.796630 0.020001 -0.111850
v 0.742796 0.222278 -0.089551
v 0.742796 0.020001 -0.089551
v 0.688961 0.222278 -0.111850
v 0.796630 0.222278 -0.111850
v 0.688961 0.020001 -0.111850
v 0.818929 0.020001 -0.165684
v 0.666662 0.222278 -0.165684
v 0.818929 0.222278 -0.165684
v 0.666662 0.020001 -0.165684
v 0.796630 0.020001 -0.219519
v 0.688961 0.222278 -0.219519
v 0.796630 0.222278 -0.219519
v 0.688961 0.020001 -0.219519
v 0.779603 0.154460 -0.226571
v 0.768827 0.180478 -0.231035
v 0.742796 0.222278 -0.241818
v 0.742796 0.191250 -0.241818
v 0.716790 0.180478 -0.231046
v 0.706013 0.154460 -0.226582
v 0.774316 0.047291 -0.228761
v 0.766397 0.128442 -0.232042
v 0.762364 0.124958 -0.233712
v 0.742796 0.020001 -0.241818
v 0.742796 0.036477 -0.241818
v 0.711300 0.047291 -0.228772
v 0.719219 0.128442 -0.232052
v 0.723252 0.124958 -0.233722
v 0.742796 -0.089746 -0.249431
v 0.683578 -0.073804 -0.224902
v 0.742796 -0.073804 -0.249431
v 0.683578 -0.089746 -0.224902
v 0.802014 -0.089746 -0.224902
v 0.659049 -0.073804 -0.165684
v 0.802014 -0.073804 -0.224902
v 0.659049 -0.089746 -0.165684
v 0.826543 -0.089746 -0.165684
v 0.683578 -0.073804 -0.106466
v 0.826543 -0.073804 -0.165684
v 0.683578 -0.089746 -0.106466
v 0.802014 -0.089746 -0.106466
v 0.742796 -0.073804 -0.081937
v 0.802014 -0.073804 -0.106466
v 0.742796 -0.089746 -0.081937
v 0.818929 -0.068987 -0.165684
v 0.818929 0.009140 -0.165684
v 0.796630 -0.068987 -0.111850
v 0.796630 0.009140 -0.111850
v 0.796630 0.009140 -0.219519
v 0.742796 -0.068987 -0.089551
v 0.796630 -0.068987 -0.219519
v 0.742796 0.009140 -0.089551
v 0.742796 0.009140 -0.241818
v 0.688961 -0.068987 -0.111850
v 0.742796 -0.068987 -0.241818
v 0.688961 0.009140 -0.111850
v 0.688961 0.009140 -0.219519
v 0.666662 -0.068987 -0.165684
v 0.688961 -0.068987 -0.219519
v 0.666662 0.009140 -0.165684
v 0.742796 0.331855 -0.081191
v 0.742796 0.236808 -0.081191
v 0.802541 0.331855 -0.105939
v 0.802541 0.236808 -0.105939
v 0.683050 0.236808 -0.105939
v 0.827289 0.331855 -0.165684
v 0.683050 0.331855 -0.105939
v 0.827289 0.236808 -0.165684
v 0.658303 0.236808 -0.165684
v 0.802541 0.331855 -0.225430
v 0.658303 0.331855 -0.165684
v 0.802541 0.236808 -0.225430
v 0.683050 0.236808 -0.225430
v 0.742796 0.331855 -0.250177
v 0.683050 0.331855 -0.225430
v 0.742796 0.236808 -0.250177
v 0.818929 0.009140 -0.165684
v 0.791591 0.014571 -0.116889
v 0.796630 0.009140 -0.111850
v 0.742796 0.009140 -0.089551
v 0.811802 0.014571 -0.165684
v 0.742796 0.014571 -0.096678
v 0.791591 0.014571 -0.214479
v 0.694001 0.014571 -0.116889
v 0.796630 0.009140 -0.219519
v 0.688961 0.009140 -0.111850
v 0.742796 0.014571 -0.234690
v 0.673790 0.014571 -0.165684
v 0.742796 0.009140 -0.241818
v 0.666662 0.009140 -0.165684
v 0.694001 0.014571 -0.214479
v 0.688961 0.009140 -0.219519
v 0.742796 0.236808 -0.250177
v 0.688961 0.222278 -0.219519
v 0.683050 0.236808 -0.225430
v 0.658303 0.236808 -0.165684
v 0.742796 0.222278 -0.241818
v 0.666662 0.222278 -0.165684
v 0.796630 0.222278 -0.219519
v 0.688961 0.222278 -0.111850
v 0.802541 0.236808 -0.225430
v 0.683050 0.236808 -0.105939
v 0.827289 0.236808 -0.165684
v 0.742796 0.236808 -0.081191
v 0.818929 0.222278 -0.165684
v 0.742796 0.222278 -0.089551
v 0.796630 0.222278 -0.111850
v 0.802541 0.236808 -0.105939
v 0.742796 -0.073804 -0.249431
v 0.683578 -0.073804 -0.224902
v 0.688961 -0.068987 -0.219519
v 0.659049 -0.073804 -0.165684
v 0.742796 -0.068987 -0.241818
v 0.666662 -0.068987 -0.165684
v 0.796630 -0.068987 -0.219519
v 0.688961 -0.068987 -0.111850
v 0.802014 -0.073804 -0.224902
v 0.683578 -0.073804 -0.106466
v 0.818929 -0.068987 -0.165684
v 0.742796 -0.068987 -0.089551
v 0.826543 -0.073804 -0.165684
v 0.742796 -0.073804 -0.081937
v 0.802014 -0.073804 -0.106466
v 0.796630 -0.068987 -0.111850
vn 0.3827 -0.0000 -0.9239
vn 0.0001 -0.0000 -1.0000
vn 0.3828 -0.0000 -0.9238
vn -0.0000 -0.0000 -1.0000
vn -0.3827 -0.0000 -0.9239
vn -0.3826 -0.0000 -0.9239
vn -0.0000 1.0000 -0.0000
vn -0.2833 0.9162 0.2833
vn -0.4007 0.9162 0.0001
vn -0.2834 0.9162 -0.2833
vn -0.4007 0.9162 -0.0001
vn -0.0000 0.9162 0.4007
vn -0.2833 0.9162 0.2834
vn -0.2833 0.9162 -0.2833
vn -0.0001 0.9162 0.4007
vn -0.0001 0.9162 -0.4007
vn -0.2833 0.9162 -0.2834
vn 0.2833 0.9162 0.2834
vn 0.0001 0.9162 0.4007
vn 0.2833 0.9162 -0.2834
vn 0.0001 0.9162 -0.4007
vn 0.2833 0.9162 0.2833
vn 0.4007 0.9162 0.0001
vn 0.2833 0.9162 -0.2833
vn 0.4007 0.9162 -0.0001
vn -0.0000 -1.0000 -0.0000
vn 0.3781 -0.8450 -0.3780
vn 0.5347 -0.8451 -0.0001
vn 0.3781 -0.8450 0.3781
vn 0.5347 -0.8451 0.0001
vn 0.5347 -0.8450 0.0001
vn 0.3781 -0.8450 -0.3781
vn 0.3781 -0.8450 0.3780
vn 0.3781 -0.8451 -0.3781
vn -0.0000 -0.8451 -0.5347
vn 0.3780 -0.8451 0.3781
vn 0.0001 -0.8451 0.5347
vn 0.3780 -0.8450 0.3781
vn -0.3781 -0.8450 -0.3781
vn -0.3781 -0.8450 0.3781
vn -0.0001 -0.8451 0.5347
vn -0.0001 -0.8450 0.5347
vn -0.3780 -0.8450 0.3781
vn -0.3780 -0.8451 0.3781
vn -0.5347 -0.8450 -0.0000
vn -0.3781 -0.8451 -0.3781
vn -0.5347 -0.8451 -0.0000
vn -0.3781 -0.8451 0.3781
vn -0.6061 -0.7954 0.0001
vn -0.4285 -0.7954 0.4286
vn -0.6061 -0.7954 -0.0000
vn -0.4285 -0.7954 -0.4286
vn -0.0000 -0.7954 0.6061
vn -0.4285 -0.7954 0.4287
vn -0.6061 -0.7954 -0.0001
vn -0.0001 -0.7954 0.6061
vn -0.0001 -0.7954 -0.6061
vn 0.4285 -0.7954 0.4286
vn 0.0001 -0.7954 0.6061
vn -0.0000 -0.7954 -0.6061
vn 0.4285 -0.7954 -0.4286
vn 0.0001 -0.7954 -0.6061
vn 0.6061 -0.7954 -0.0000
vn 0.4286 -0.7954 0.4285
vn 0.4285 -0.7954 -0.4285
vn 0.4286 -0.7954 -0.4285
vn 0.6061 -0.7954 -0.0001
vn 0.6061 -0.7954 0.0001
vn 0.7071 -0.0000 0.7071
vn -0.0000 -0.0000 1.0000
vn -0.7071 -0.0000 0.7071
vn 1.0000 -0.0000 -0.0000
vn -1.0000 -0.0000 -0.0000
vn 0.7071 -0.0000 -0.7071
vn -0.7071 -0.0000 -0.7071
vn 0.3826 -0.0000 -0.9239
vn -0.0000 -0.0002 -1.0000
vn -0.0000 -0.0002 1.0000
vn 0.6061 0.7954 0.0001
vn 0.4285 0.7954 0.4286
vn -0.0000 0.7954 0.6061
vn 0.6061 0.7954 -0.0000
vn 0.4285 0.7954 -0.4286
vn -0.4285 0.7954 0.4286
vn 0.6061 0.7954 -0.0001
vn -0.0001 0.7954 0.6061
vn -0.4285 0.7955 0.4286
vn -0.0000 0.7954 -0.6061
vn -0.6060 0.7954 -0.0000
vn -0.4286 0.7954 0.4285
vn 0.4285 0.7954 -0.4287
vn -0.4285 0.7954 0.4285
vn -0.4285 0.7954 -0.4285
vn -0.4285 0.7955 -0.4285
vn -0.4285 0.7954 -0.4286
vn -0.4286 0.7954 -0.4285
vn -0.0000 -0.4987 -0.8668
vn -0.6129 -0.4987 -0.6129
vn -0.8668 -0.4987 -0.0000
vn 0.6129 -0.4987 -0.6129
vn -0.6129 -0.4987 0.6129
vn 0.8668 -0.4987 -0.0000
vn -0.0000 -0.4987 0.8668
vn 0.8668 -0.4987 -0.0001
vn 0.6129 -0.4987 0.6129
vn 0.6128 -0.4987 0.6129
vn -0.0000 0.8451 -0.5346
vn -0.3780 0.8451 -0.3780
vn -0.5346 0.8451 -0.0000
vn 0.3781 0.8450 -0.3781
vn -0.3780 0.8451 0.3780
vn 0.3781 0.8451 -0.3781
vn 0.5347 0.8451 -0.0001
vn -0.0001 0.8451 0.5346
vn -0.3780 0.8451 0.3781
vn 0.5347 0.8450 -0.0001
vn 0.3781 0.8450 0.3780
vn 0.5347 0.8451 0.0001
vn 0.3781 0.8450 0.3781
vn 0.0001 0.8451 0.5346
vn 0.3781 0.8451 0.3780
vn 0.3780 0.8450 0.3781
vt 0.000000 0.000000
s 0
f 2071/9/1205 2072/9/1205 2073/9/1205
f 2072/9/1205 2071/9/1205 2074/9/1206
f 2074/9/1206 2071/9/1207 2075/9/1207
f 2076/9/1208 2074/9/1206 2075/9/1205
f 2075/9/1205 2077/9/1205 2076/9/1208
f 2074/9/1206 2076/9/1208 2078/9/1209
f 2076/9/1208 2079/9/1209 2078/9/1209
f 2080/9/1210 2074/9/1208 2078/9/1210
f 2074/9/1206 2080/9/1209 2081/9/1209
f 2081/9/1209 2080/9/1209 2082/9/1209
f 2083/9/1211 2084/9/1211 2085/9/1211
f 2086/9/1211 2084/9/1211 2083/9/1211
f 2084/9/1211 2086/9/1211 2087/9/1211
f 2087/9/1211 2086/9/1211 2088/9/1211
f 2086/9/1211 2083/9/1211 2089/9/1211
f 2086/9/1211 2089/9/1211 2090/9/1211
f 2091/9/1212 2092/9/1213 2093/9/1213
f 2092/9/1213 2091/9/1212 2094/9/1212
f 2095/9/1214 2093/9/1215 2092/9/1215
f 2096/9/1216 2094/9/1212 2091/9/1217
f 2093/9/1215 2095/9/1214 2097/9/1218
f 2094/9/1217 2096/9/1219 2098/9/1219
f 2095/9/1218 2099/9/1220 2097/9/1221
f 2100/9/1222 2098/9/1223 2096/9/1223
f 2099/9/1220 2095/9/1221 2101/9/1220
f 2096/9/1216 2102/9/1222 2100/9/1222
f 2103/9/1224 2099/9/1225 2101/9/1225
f 2102/9/1226 2104/9/1227 2100/9/1226
f 2099/9/1225 2103/9/1224 2105/9/1228
f 2104/9/1229 2105/9/1228 2103/9/1228
f 2104/9/1227 2102/9/1226 2106/9/1227
f 2105/9/1228 2104/9/1229 2106/9/1229
f 2107/9/1230 2108/9/1230 2109/9/1230
f 2108/9/1230 2107/9/1230 2110/9/1230
f 2110/9/1230 2107/9/1230 2111/9/1230
f 2108/9/1230 2110/9/1230 2112/9/1230
f 2112/9/1230 2110/9/1230 2113/9/1230
f 2108/9/1230 2112/9/1230 2114/9/1230
f 2115/9/1231 2116/9/1232 2117/9/1232
f 2118/9/1233 2117/9/1234 2116/9/1235
f 2115/9/1236 2117/9/1232 2119/9/1236
f 2117/9/1234 2118/9/1237 2120/9/1233
f 2119/9/1238 2121/9/1239 2115/9/1238
f 2118/9/1240 2122/9/1241 2120/9/1240
f 2121/9/1239 2119/9/1236 2123/9/1239
f 2122/9/1241 2118/9/1242 2124/9/1241
f 2125/9/1243 2121/9/1239 2123/9/1239
f 2126/9/1244 2122/9/1245 2124/9/1246
f 2121/9/1239 2125/9/1243 2127/9/1243
f 2122/9/1245 2126/9/1247 2128/9/1248
f 2129/9/1249 2127/9/1250 2125/9/1243
f 2129/9/1251 2128/9/1252 2126/9/1244
f 2129/9/1251 2125/9/1243 2130/9/1251
f 2128/9/1244 2129/9/1251 2130/9/1251
f 2131/9/1253 2132/9/1254 2133/9/1253
f 2132/9/1254 2131/9/1253 2134/9/1254
f 2133/9/1255 2135/9/1256 2131/9/1255
f 2136/9/1257 2132/9/1254 2134/9/1258
f 2133/9/1259 2137/9/1256 2135/9/1256
f 2134/9/1258 2138/9/1260 2136/9/1260
f 2139/9/1261 2135/9/1256 2137/9/1256
f 2140/9/1262 2136/9/1263 2138/9/1263
f 2135/9/1256 2139/9/1264 2141/9/1264
f 2136/9/1257 2140/9/1262 2142/9/1262
f 2143/9/1265 2141/9/1266 2139/9/1266
f 2144/9/1267 2142/9/1268 2140/9/1268
f 2141/9/1266 2143/9/1269 2145/9/1269
f 2144/9/1267 2145/9/1269 2143/9/1269
f 2145/9/1270 2144/9/1271 2146/9/1271
f 2144/9/1272 2140/9/1268 2146/9/1272
f 2147/9/1273 2148/9/1274 2149/9/1274
f 2150/9/1275 2149/9/1274 2148/9/1274
f 2148/9/1274 2147/9/1273 2151/9/1273
f 2150/9/1275 2152/9/1275 2149/9/1274
f 2153/9/1276 2151/9/1273 2147/9/1273
f 2154/9/1277 2152/9/1275 2150/9/1275
f 2153/9/1276 2155/9/1276 2151/9/1273
f 2152/9/1275 2154/9/1277 2156/9/1277
f 2157/9/1278 2155/9/1276 2153/9/1276
f 2158/9/1279 2156/9/1277 2154/9/1277
f 2157/9/1278 2159/9/1278 2155/9/1276
f 2156/9/1277 2158/9/1279 2160/9/1279
f 2159/9/1278 2157/9/1278 2161/9/1280
f 2159/9/1278 2161/9/1205 2162/9/1205
f 2163/9/1208 2159/9/1278 2162/9/1205
f 2162/9/1205 2164/9/1208 2163/9/1208
f 2165/9/1209 2163/9/1208 2164/9/1208
f 2163/9/1208 2165/9/1209 2158/9/1279
f 2165/9/1209 2166/9/1209 2158/9/1279
f 2160/9/1279 2158/9/1279 2166/9/1209
f 2167/9/1205 2161/9/1205 2157/9/1278
f 2161/9/1205 2167/9/1205 2168/9/1205
f 2168/9/1280 2167/9/1280 2169/9/1280
f 2170/9/1208 2167/9/1205 2157/9/1278
f 2167/9/1205 2170/9/1208 2171/9/1208
f 2170/9/1208 2172/9/1209 2171/9/1208
f 2170/9/1208 2160/9/1279 2172/9/1209
f 2166/9/1209 2172/9/1209 2160/9/1279
f 2172/9/1209 2166/9/1209 2173/9/1209
f 2172/9/1210 2173/9/1210 2174/9/1210
f 2175/9/1208 2176/9/1279 2177/9/1208
f 2176/9/1279 2175/9/1208 2178/9/1279
f 2177/9/1208 2179/9/1278 2175/9/1208
f 2178/9/1279 2180/9/1277 2176/9/1279
f 2179/9/1278 2177/9/1281 2181/9/1278
f 2180/9/1277 2178/9/1279 2182/9/1277
f 2183/9/1276 2179/9/1278 2181/9/1278
f 2182/9/1277 2184/9/1275 2180/9/1277
f 2181/9/1278 2185/9/1276 2183/9/1276
f 2184/9/1275 2182/9/1277 2186/9/1275
f 2187/9/1273 2183/9/1276 2185/9/1276
f 2186/9/1275 2188/9/1282 2184/9/1275
f 2185/9/1276 2189/9/1273 2187/9/1273
f 2188/9/1274 2186/9/1275 2190/9/1274
f 2189/9/1273 2190/9/1274 2187/9/1273
f 2190/9/1274 2189/9/1273 2188/9/1274
f 2191/9/1276 2192/9/1276 2193/9/1273
f 2192/9/1276 2194/9/1273 2193/9/1273
f 2195/9/1278 2192/9/1276 2191/9/1276
f 2194/9/1273 2196/9/1274 2193/9/1273
f 2197/9/1278 2195/9/1278 2191/9/1276
f 2196/9/1274 2194/9/1273 2198/9/1274
f 2197/9/1278 2199/9/1208 2195/9/1278
f 2198/9/1274 2200/9/1275 2196/9/1274
f 2199/9/1208 2197/9/1278 2201/9/1208
f 2200/9/1275 2198/9/1274 2202/9/1275
f 2201/9/1208 2203/9/1279 2199/9/1208
f 2202/9/1275 2204/9/1277 2200/9/1275
f 2203/9/1279 2201/9/1208 2205/9/1279
f 2204/9/1277 2202/9/1275 2206/9/1277
f 2205/9/1279 2206/9/1277 2203/9/1279
f 2206/9/1277 2205/9/1279 2204/9/1277
f 2207/9/1274 2208/9/1274 2209/9/1273
f 2208/9/1274 2210/9/1273 2209/9/1273
f 2211/9/1275 2208/9/1274 2207/9/1274
f 2210/9/1273 2212/9/1276 2209/9/1273
f 2213/9/1275 2211/9/1275 2207/9/1274
f 2212/9/1276 2210/9/1273 2214/9/1276
f 2215/9/1277 2211/9/1275 2213/9/1275
f 2214/9/1276 2216/9/1278 2212/9/1276
f 2217/9/1277 2215/9/1277 2213/9/1275
f 2216/9/1278 2214/9/1276 2218/9/1278
f 2219/9/1279 2215/9/1277 2217/9/1277
f 2216/9/1278 2218/9/1278 2220/9/1208
f 2221/9/1279 2219/9/1279 2217/9/1277
f 2218/9/1278 2222/9/1208 2220/9/1208
f 2222/9/1208 2219/9/1279 2221/9/1279
f 2220/9/1208 2222/9/1208 2221/9/1279
f 2223/9/1283 2224/9/1284 2225/9/1284
f 2224/9/1284 2226/9/1285 2225/9/1284
f 2224/9/1284 2223/9/1286 2227/9/1286
f 2226/9/1285 2224/9/1284 2228/9/1285
f 2229/9/1287 2227/9/1286 2223/9/1286
f 2230/9/1288 2226/9/1285 2228/9/1285
f 2223/9/1289 2231/9/1287 2229/9/1287
f 2226/9/1290 2230/9/1291 2232/9/1288
f 2231/9/1287 2233/9/1292 2229/9/1287
f 2234/9/1293 2232/9/1294 2230/9/1294
f 2231/9/1295 2235/9/1292 2233/9/1292
f 2232/9/1296 2234/9/1293 2236/9/1293
f 2235/9/1292 2237/9/1297 2233/9/1292
f 2237/9/1298 2236/9/1293 2234/9/1293
f 2235/9/1292 2238/9/1299 2237/9/1299
f 2236/9/1293 2237/9/1300 2238/9/1300
f 2239/9/1301 2240/9/1302 2241/9/1302
f 2242/9/1303 2241/9/1302 2240/9/1302
f 2240/9/1302 2239/9/1301 2243/9/1301
f 2240/9/1302 2244/9/1303 2242/9/1303
f 2245/9/1304 2243/9/1301 2239/9/1301
f 2246/9/1305 2242/9/1303 2244/9/1303
f 2239/9/1301 2247/9/1304 2245/9/1304
f 2242/9/1303 2246/9/1305 2248/9/1305
f 2249/9/1306 2245/9/1304 2247/9/1304
f 2250/9/1307 2248/9/1305 2246/9/1305
f 2245/9/1304 2249/9/1308 2251/9/1308
f 2246/9/1305 2252/9/1307 2250/9/1307
f 2249/9/1306 2253/9/1309 2251/9/1306
f 2253/9/1310 2250/9/1307 2252/9/1307
f 2249/9/1306 2254/9/1309 2253/9/1309
f 2250/9/1307 2253/9/1309 2254/9/1309
f 2255/9/1311 2256/9/1312 2257/9/1312
f 2258/9/1313 2257/9/1312 2256/9/1312
f 2255/9/1311 2257/9/1312 2259/9/1311
f 2257/9/1312 2258/9/1313 2260/9/1313
f 2261/9/1314 2255/9/1311 2259/9/1311
f 2258/9/1313 2262/9/1315 2260/9/1313
f 2255/9/1311 2261/9/1316 2263/9/1314
f 2258/9/1313 2264/9/1315 2262/9/1315
f 2265/9/1317 2263/9/1314 2261/9/1316
f 2266/9/1318 2262/9/1319 2264/9/1315
f 2263/9/1314 2265/9/1317 2267/9/1320
f 2264/9/1319 2268/9/1318 2266/9/1318
f 2269/9/1321 2267/9/1322 2265/9/1322
f 2269/9/1323 2266/9/1324 2268/9/1324
f 2269/9/1325 2265/9/1322 2270/9/1325
f 2266/9/1324 2269/9/1326 2270/9/1323
